frame_num,ims_scan_num,charge,abundance,mz,fit,average_mw,monoisotopic_mw,mostabundant_mw,fwhm,signal_noise,mono_abundance,mono_plus2_abundance,orig_intensity,TIA_orig_intensity,drift_time,flag
1200,250,3,3067,454.24707,0.1147,1360.63415,1359.72104,1359.72104,0.064,613.4,3067,821,1806,2774,24.773,
1200,250,3,926,432.92959,0.0379,1296.56238,1295.76859,1295.76859,0.0547,12.03,926,0,429,747,24.773,
1200,251,3,4147,454.25185,0.065,1360.64848,1359.73537,1359.73537,0.0571,276.47,4147,738,2270,4608,24.872,
1200,251,3,1288,432.92416,0.1458,1296.54608,1295.75229,1295.75229,0.0548,92,1288,0,30,377,24.872,
1200,252,3,2276,454.24222,0.1184,1360.67424,1359.75168,1359.75168,0.0597,175.08,2188,890,1050,2491,24.971,
1200,253,3,1371,454.23987,0.1329,1360.61255,1359.69944,1359.69944,0.0787,152.33,1371,0,785,1607,25.07,
1200,254,3,530,492.98523,0.1166,1476.92752,1475.93551,1475.93551,0.0609,40.77,530,0,136,236,25.169,
1200,255,3,1311,492.9539,0.1097,1476.83353,1475.84152,1475.84152,0.0631,327.75,1311,323,491,1198,25.269,
1200,255,2,1179,395.22822,0.0688,788.92292,788.44298,788.44298,0.062,131,1179,492,407,1159,25.269,
1200,256,2,2627,395.23097,0.042,788.92844,788.44849,788.44849,0.0544,164.19,2627,447,438,958,25.368,
1200,256,3,1460,492.97665,0.0814,1476.90179,1475.90978,1475.90978,0.0631,292,1460,385,584,857,25.368,
1200,257,2,4779,395.23116,0.0127,788.92881,788.44887,788.44887,0.0517,149.34,4779,422,1798,2863,25.467,
1200,257,3,2627,492.97252,0.0949,1476.88939,1475.89737,1475.89737,0.0704,656.75,2627,358,1105,1648,25.467,
1200,258,2,3235,395.23344,0.0223,788.93336,788.45342,788.45342,0.0561,3235,3235,754,535,1359,25.566,
1200,258,3,2194,492.96037,0.034,1476.85293,1475.86092,1475.86092,0.0575,365.67,2194,1271,788,1678,25.566,
1200,259,3,3376,492.97097,0.1158,1476.88473,1475.89271,1475.89271,0.0628,1125.33,3376,740,1071,2254,25.665,
1200,259,2,1852,395.2285,0.0686,788.92348,788.44354,788.44354,0.0406,39.4,1852,0,889,895,25.665,
1200,259,2,734,463.79053,0.0356,926.12962,925.5676,925.5676,0.0777,91.75,734,0,104,186,25.665,
1200,260,3,3016,492.96432,0.0427,1476.8648,1475.87279,1475.87279,0.0641,17.04,3016,1776,1196,2698,25.764,
1200,260,2,1321,463.77928,0.0428,926.10713,925.54511,925.54511,0.06,50.81,1321,0,85,97,25.764,
1200,261,3,4480,492.96092,0.1646,1476.88551,1475.89335,1475.89335,0.0655,74.67,3140,920,1595,2421,25.863,
1200,261,2,3551,463.77064,0.0739,926.08985,925.52783,925.52783,0.0623,1775.5,3551,684,543,639,25.863,
1200,261,3,512,454.55034,0.1191,1361.55338,1360.63083,1360.63083,0.0527,14.63,512,0,209,539,25.863,1
1200,262,2,6848,463.77796,0.0245,926.10449,925.54247,925.54247,0.0699,456.53,6848,2243,970,1943,25.962,
1200,262,3,3799,492.97474,0.2425,1476.87722,1475.88506,1475.88506,0.0662,140.7,2449,570,1125,2459,25.962,
1200,262,2,715,490.22545,0.0252,979.03892,978.43744,978.43744,0.0597,15.54,715,0,2,49,25.962,
1200,262,1,614,472.26716,0.0792,471.54822,471.26044,471.26044,0.0435,68.22,614,0,244,259,25.962,
1200,263,2,10807,463.78104,0.0185,926.11063,925.54862,925.54862,0.0615,317.85,10807,2078,931,1636,26.061,
1200,263,3,1753,492.9727,0.0399,1476.88993,1475.89792,1475.89792,0.0461,438.25,1753,902,486,1045,26.061,
1200,263,1,800,490.22842,0.0708,489.52353,489.22169,489.22169,0.0646,40,800,0,3,3,26.061,
1200,263,2,548,465.28613,0.0574,929.12128,928.55881,928.55881,0.065,28.84,548,0,106,106,26.061,1
1200,264,2,14312,463.77819,0.0121,926.10494,925.54293,925.54293,0.0672,2385.33,14312,1433,967,1331,26.16,
1200,264,3,1769,492.9557,0.0555,1476.83894,1475.84692,1475.84692,0.0767,294.83,1769,884,630,1272,26.16,
1200,264,2,604,474.75017,0.1438,948.0651,947.48689,947.48689,0.049,9.29,604,0,255,255,26.16,1
1200,265,2,12857,463.78179,0.044,926.11215,925.55013,925.55013,0.0661,200.89,12857,1094,1345,1809,26.259,
1200,265,3,1505,493.30176,0.0905,1477.87725,1476.88509,1476.88509,0.0577,83.61,1505,0,135,568,26.259,1
1200,266,2,4005,463.77712,0.0151,926.10281,925.54079,925.54079,0.0697,70.26,4005,1022,301,704,26.359,
1200,266,3,1651,492.97145,0.0684,1476.87017,1475.87801,1475.87801,0.0533,412.75,1419,367,626,1285,26.359,
1200,266,3,1552,670.99889,0.1882,2011.2331,2009.92147,2010.92434,0.0664,33.02,743,833,11,338,26.359,
1200,266,3,931,577.31063,0.2351,1730.13966,1728.99632,1728.99632,0.0503,71.62,864,478,760,1039,26.359,
1200,266,2,676,472.27729,0.0626,943.11873,942.54112,942.54112,0.0637,6.69,676,0,169,377,26.359,1
1200,267,2,2810,463.7702,0.0984,926.08895,925.52694,925.52694,0.0604,401.43,2810,1387,137,438,26.458,
1200,267,3,1947,670.99876,0.0763,2011.28159,2009.96981,2010.97268,0.0705,177,1383,1947,342,1128,26.458,
1200,267,3,1912,577.33242,0.0357,1730.12026,1728.97707,1728.97707,0.0681,1912,1912,711,875,2454,26.458,
1200,267,3,790,492.96748,0.0567,1476.87427,1475.88226,1475.88226,0.0659,21.94,790,0,286,296,26.458,
1200,267,2,632,472.26737,0.0624,943.09889,942.52129,942.52129,0.0441,11.92,632,0,111,164,26.458,
1200,267,1,562,479.23704,0.0856,478.51915,478.23031,478.23031,0.0489,13.38,562,0,389,389,26.458,1
1200,267,1,553,478.27465,0.0828,477.55662,477.26793,477.26793,0.0489,13.38,553,0,389,398,26.458,
1200,268,3,2629,670.99799,0.0524,2011.25154,2009.93991,2010.94278,0.0922,876.33,2296,2386,324,1168,26.557,
1200,268,3,1889,577.34342,0.1172,1730.09448,1728.95114,1728.95114,0.0857,21.97,1445,1132,171,1349,26.557,
1200,268,2,1608,463.78148,0.0515,926.11153,925.54951,925.54951,0.0529,100.5,1608,0,63,106,26.557,
1200,268,2,569,472.26234,0.0422,943.08884,942.51123,942.51123,0.0611,142.25,569,0,339,455,26.557,
1200,269,3,2711,670.98933,0.1553,2011.25929,2009.94781,2010.95068,0.077,193.64,2711,1862,810,2142,26.656,
1200,269,3,1908,577.31966,0.1505,1730.14395,1729.00061,1729.00061,0.0723,48.92,1608,1249,879,1852,26.656,
1200,269,2,1456,488.7967,0.0619,976.17169,975.57995,975.57995,0.0741,728,1456,0,211,434,26.656,
1200,269,2,1285,463.76354,0.0464,926.07563,925.51362,925.51362,0.0546,257,1285,0,66,112,26.656,
1200,269,3,964,493.30483,0.1004,1477.88648,1476.89432,1476.89432,0.0412,482,964,0,315,864,26.656,
1200,270,3,2957,577.33507,0.236,1730.12823,1728.98503,1728.98503,0.0683,328.56,2957,904,297,1308,26.755,
1200,270,3,1466,671.3287,0.1271,2012.27755,2010.96592,2011.96879,0.1389,31.87,1466,0,185,185,26.755,1
1200,270,2,1238,488.81281,0.0818,976.20389,975.61216,975.61216,0.064,112.55,1238,493,5,82,26.755,
1200,270,2,1074,463.78173,0.0431,926.11202,925.55001,925.55001,0.0545,358,1074,0,40,80,26.755,
1200,270,2,895,454.79582,0.1291,908.12818,907.57818,907.57818,0.0451,31.96,895,0,20,40,26.755,
1200,270,4,743,543.27863,0.1516,2170.58291,2169.16576,2170.16863,0.1545,18.07,795,441,203,547,26.755,
1200,270,2,742,436.71131,0.048,871.94444,871.40917,871.40917,0.0587,742,742,0,171,350,26.755,
1200,270,3,695,493.31301,0.2334,1477.91102,1476.91886,1476.91886,0.0629,17.38,695,0,207,224,26.755,
1200,271,2,1501,454.77692,0.0581,908.09038,907.54038,907.54038,0.0495,46.91,1501,416,311,429,26.854,
1200,271,2,1460,489.29816,0.2065,977.17475,976.58286,976.58286,0.0625,91.25,1460,0,231,231,26.854,1
1200,271,3,1345,671.69461,0.2329,2012.37256,2011.06078,2012.06365,0.1112,672.5,1345,0,221,221,26.854,1
1200,271,4,1070,543.29601,0.0436,2170.5421,2169.12494,2170.12781,0.0761,178.33,756,634,306,851,26.854,
1200,271,2,697,510.29335,0.037,1019.19211,1018.57325,1018.57325,0.0641,24.03,697,0,176,209,26.854,1
1200,271,3,675,602.94429,0.1353,1806.96503,1805.77859,1806.78147,0.0726,225,526,0,514,805,26.854,
1200,271,2,642,512.77992,0.0752,1024.17684,1023.5464,1023.5464,0.124,8.02,642,0,389,785,26.854,1
1200,272,2,1727,509.79347,0.0325,1018.19219,1017.57348,1017.57348,0.0771,31.98,1727,403,683,950,26.953,
1200,272,2,1588,454.77937,0.0473,908.09529,907.54529,907.54529,0.0567,397,1588,0,102,123,26.953,
1200,272,2,1491,512.7739,0.1304,1024.16479,1023.53435,1023.53435,0.0729,745.5,1491,0,536,536,26.953,1
1200,272,2,1408,512.27913,0.2446,1023.1658,1022.5448,1022.5448,0.0729,745.5,1408,0,536,971,26.953,
1200,272,3,1272,671.33506,0.1765,2012.23353,2010.92175,2011.92462,0.0655,1272,1054,0,362,493,26.953,1
1200,272,3,1005,577.64673,0.1694,1731.06335,1729.92,1729.92,0.0697,201,1005,0,314,481,26.953,1
1200,272,4,708,543.30105,0.2043,2170.58585,2169.17814,2170.18105,0.0825,141.6,708,668,84,686,26.953,
1200,272,2,603,527.19655,0.0578,1053.02377,1052.37965,1052.37965,0.0651,75.38,603,571,472,934,26.953,
1200,272,3,583,492.96198,0.125,1476.85776,1475.86575,1475.86575,0.0651,17.67,583,354,109,477,26.953,
1200,273,2,3070,509.78944,0.0272,1018.18413,1017.56542,1017.56542,0.068,383.75,3070,462,675,1224,27.052,
1200,273,2,1733,512.27401,0.051,1023.15556,1022.53456,1022.53456,0.0585,288.83,1733,0,728,1168,27.052,
1200,273,3,1401,671.3027,0.2454,2012.30571,2010.99393,2011.9968,0.063,200.14,834,0,460,766,27.052,1
1200,273,3,1203,577.31567,0.166,1730.07003,1728.92684,1728.92684,0.0721,200.5,1203,0,212,254,27.052,
1200,273,2,815,463.77664,0.0465,926.10185,925.53983,925.53983,0.0605,47.94,815,0,34,81,27.052,
1200,273,3,802,688.61884,0.2114,2063.18066,2061.83344,2062.83633,0.0694,7.71,802,429,126,342,27.052,
1200,274,2,4261,510.29438,0.1173,1019.19417,1018.57531,1018.57531,0.0603,121.74,4261,729,662,891,27.151,1
1200,274,3,2924,670.98973,0.0403,2011.26049,2009.94901,2010.95188,0.0773,265.82,2924,2056,255,1257,27.151,
1200,274,2,2419,512.28422,0.0514,1023.17599,1022.55499,1022.55499,0.0679,241.9,2419,522,1654,2249,27.151,
1200,274,3,1038,688.95675,0.0703,2065.19745,2063.85008,2064.85297,0.071,129.75,1038,487,147,210,27.151,1
1200,274,1,1022,688.60965,0.1701,688.02546,687.60292,687.60292,0.0894,127.75,1022,0,197,201,27.151,
1200,274,2,587,455.30347,0.2103,909.14364,908.59348,908.59348,0.0713,195.67,587,0,131,131,27.151,1
1200,275,2,5123,509.79848,0.0179,1018.2022,1017.5835,1017.5835,0.0784,1280.75,5123,1321,443,1397,27.25,
1200,275,3,4917,670.99246,0.0471,2011.26867,2009.95719,2010.96006,0.0842,327.8,4917,3418,1036,3252,27.25,
1200,275,2,1812,512.28993,0.0365,1023.1874,1022.5664,1022.5664,0.0582,47.68,1812,509,839,1505,27.25,
1200,275,3,1506,563.66525,0.0705,1689.09194,1687.97556,1687.97556,0.0638,94.13,1506,427,493,1067,27.25,
1200,275,3,1463,688.95296,0.1292,2065.25583,2063.90816,2064.91105,0.075,63.61,1102,707,57,688,27.25,
1200,275,3,1156,577.31557,0.1973,1730.06973,1728.92653,1728.92653,0.0661,19.27,1156,395,290,610,27.25,
1200,275,3,586,599.62203,0.1773,1796.97783,1795.79291,1796.79578,0.0679,30.84,452,0,237,240,27.25,
1200,276,3,11740,670.98881,0.0099,2011.28012,2009.9685,2010.97137,0.0847,317.3,10293,6893,2609,6529,27.35,
1200,276,2,5217,509.78886,0.0105,1018.18298,1017.56427,1017.56427,0.0649,521.7,5217,1249,1413,2051,27.35,
1200,276,3,2432,563.66277,0.0416,1689.08449,1687.96812,1687.96812,0.0816,608,2432,949,760,2486,27.35,
1200,276,2,1903,512.29853,0.1053,1023.2046,1022.5836,1022.5836,0.0641,475.75,1903,729,995,1741,27.35,
1200,276,3,1363,688.6442,0.0636,2064.19958,2062.85222,2063.85511,0.0735,21.98,1046,1251,307,605,27.35,
1200,276,3,1155,481.92971,0.0824,1443.73536,1442.76896,1442.76896,0.054,22.21,1155,795,315,667,27.35,
1200,276,3,1056,577.66868,0.1185,1731.12921,1729.98586,1729.98586,0.0547,32,1056,0,430,1022,27.35,1
1200,277,3,17380,670.99255,0.0166,2011.26599,2009.95436,2010.95723,0.0929,457.37,14598,10875,2885,9956,27.449,
1200,277,2,4223,509.79376,0.0123,1018.19277,1017.57407,1017.57407,0.0681,383.91,4223,940,773,1637,27.449,
1200,277,3,2696,563.66575,0.0547,1689.09343,1687.97706,1687.97706,0.0724,103.69,2696,1324,1223,2686,27.449,
1200,277,3,1855,481.9261,0.0693,1443.72452,1442.75812,1442.75812,0.0563,463.75,1855,744,255,787,27.449,
1200,277,3,1718,688.64315,0.1713,2064.16937,2062.822,2063.82489,0.0593,33.69,1112,995,477,776,27.449,
1200,277,2,1394,512.28022,0.0369,1023.16799,1022.54699,1022.54699,0.0616,697,1394,376,547,857,27.449,
1200,277,3,893,577.31834,0.132,1730.07802,1728.93482,1728.93482,0.054,31.89,893,503,178,793,27.449,
1200,277,2,643,500.23426,0.0221,999.05956,998.45506,998.45506,0.0652,23.81,643,0,377,654,27.449,
1200,278,3,20112,670.99343,0.0103,2011.27409,2009.96246,2010.96533,0.0908,1828.36,18420,12131,3570,12582,27.548,
1200,278,2,4420,509.79653,0.0121,1018.19831,1017.5796,1017.5796,0.0627,2210,4420,731,754,1218,27.548,
1200,278,3,2671,563.6689,0.1259,1689.10289,1687.98652,1687.98652,0.0658,41.73,2671,1058,963,1994,27.548,
1200,278,3,1564,481.93355,0.0664,1443.74686,1442.78046,1442.78046,0.0653,44.69,1564,0,578,785,27.548,
1200,278,1,891,501.24531,0.0266,500.54208,500.23858,500.23858,0.0572,445.5,891,0,404,404,27.548,1
1200,279,3,19675,670.99042,0.0152,2011.28432,2009.97269,2010.97556,0.0929,504.49,17135,12750,4119,10842,27.647,
1200,279,2,2646,509.7931,0.0538,1018.19144,1017.57274,1017.57274,0.0655,2646,2646,471,367,1086,27.647,
1200,279,2,2578,500.24305,0.0288,999.07714,998.47264,998.47264,0.0566,198.31,2578,0,1554,2391,27.647,
1200,279,3,1765,563.65552,0.0278,1689.06275,1687.94638,1687.94638,0.0732,160.45,1765,1067,446,1677,27.647,
1200,279,2,1210,549.77814,0.0263,1098.21438,1097.54283,1097.54283,0.0679,302.5,1210,0,447,552,27.647,
1200,279,3,1180,577.32307,0.2066,1730.09221,1728.94902,1728.94902,0.0637,78.67,1180,479,189,537,27.647,
1200,279,3,790,481.93335,0.1746,1443.79104,1442.82449,1442.82449,0.1001,24.69,768,0,404,692,27.647,
1200,279,3,637,646.04892,0.212,1936.30875,1935.03991,1936.04278,0.062,23.59,404,0,346,743,27.647,
1200,280,3,18564,670.991,0.0203,2011.27937,2009.96774,2010.97061,0.0941,714,16503,10251,3110,8108,27.746,
1200,280,2,3591,500.24588,0.0194,999.0828,998.4783,998.4783,0.0655,224.44,3591,615,2237,3941,27.746,
1200,280,2,1978,549.7625,0.1298,1098.18309,1097.51154,1097.51154,0.0711,247.25,1978,0,157,212,27.746,
1200,280,3,965,577.32339,0.0762,1730.09318,1728.94998,1728.94998,0.0696,193,965,396,493,830,27.746,
1200,280,3,939,563.66468,0.2394,1689.09023,1687.97385,1687.97385,0.0685,36.12,939,894,172,1041,27.746,
1200,280,1,836,509.78538,0.0376,509.09265,508.77865,508.77865,0.0511,104.5,836,0,45,111,27.746,
1200,280,2,737,510.30368,0.2482,1019.21276,1018.59391,1018.59391,0.0532,18.42,737,0,278,344,27.746,1
1200,280,3,586,599.30749,0.19,1796.08692,1794.90229,1795.90517,0.0835,146.5,586,0,489,893,27.746,1
1200,281,3,13103,670.99276,0.0124,2011.25887,2009.94724,2010.95011,0.0852,3275.75,12590,9907,1695,7608,27.845,
1200,281,2,3261,500.24056,0.0471,999.07217,998.46767,998.46767,0.0614,112.45,3261,0,1797,2508,27.845,
1200,281,2,2865,550.26171,0.1063,1099.18166,1098.50997,1098.50997,0.0579,110.19,2865,0,826,892,27.845,1
1200,281,3,1365,577.31421,0.167,1730.11793,1728.97458,1728.97458,0.0718,9.1,968,365,252,681,27.845,
1200,282,3,6899,670.99009,0.0211,2011.25278,2009.94115,2010.94402,0.0873,156.8,6776,4028,628,2670,27.944,
1200,282,2,2966,500.23707,0.0222,999.06518,998.46068,998.46068,0.0672,269.64,2966,503,1775,2696,27.944,
1200,282,2,2228,549.76688,0.0262,1098.19184,1097.5203,1097.5203,0.0777,202.55,2228,0,227,403,27.944,
1200,282,3,1423,585.27905,0.1896,1753.97309,1752.81698,1752.81698,0.0821,474.33,1423,484,797,2122,27.944,
1200,282,3,1292,577.33867,0.2272,1730.06635,1728.92301,1728.92301,0.0658,430.67,853,0,503,539,27.944,
1200,282,3,546,586.54554,0.2315,1757.77351,1756.6168,1756.6168,0.176,17.06,546,0,353,353,27.944,1
1200,283,3,3222,670.98429,0.0458,2011.28036,2009.96873,2010.9716,0.0752,644.4,2305,2373,562,1168,28.043,
1200,283,3,2797,585.29091,0.039,1753.97054,1752.81427,1752.81427,0.0718,932.33,2545,1865,1601,4775,28.043,
1200,283,2,2270,549.77038,0.0429,1098.19885,1097.5273,1097.5273,0.0803,103.18,2270,455,55,668,28.043,
1200,283,2,2096,500.23161,0.0999,999.05427,998.44976,998.44976,0.0781,2096,2096,0,1184,1535,28.043,
1200,283,3,1382,577.34059,0.1015,1730.13383,1728.99049,1728.99049,0.075,20.32,1052,0,159,751,28.043,
1200,283,3,651,654.31584,0.1852,1961.28437,1960.00246,1961.00534,0.0627,27.13,367,537,651,1287,28.043,
1200,283,3,607,598.97588,0.095,1795.08089,1793.89627,1794.89915,0.0711,11.04,453,509,3,598,28.043,
1200,284,3,4173,585.29368,0.0448,1753.99564,1752.83938,1752.83938,0.0683,521.63,3317,2058,2464,6745,28.142,
1200,284,3,2816,670.98152,0.0658,2011.26607,2009.95445,2010.95732,0.0823,88,2117,1097,1416,2094,28.142,
1200,284,2,1980,549.75892,0.0352,1098.17592,1097.50438,1097.50438,0.0628,123.75,1980,0,185,345,28.142,
1200,284,3,788,565.99679,0.1502,1696.08966,1694.97019,1694.97019,0.0708,28.14,788,0,232,310,28.142,
1200,284,3,908,598.64493,0.2001,1794.09892,1792.9146,1793.91747,0.1035,129.71,742,0,722,1228,28.142,
1200,284,1,582,617.65344,0.2024,617.01932,616.64671,616.64671,0.1478,30.63,582,0,118,118,28.142,1
1200,284,1,563,586.63042,0.0276,585.98079,585.6237,585.6237,0.075,56.3,563,0,469,469,28.142,1
1200,284,3,542,616.65204,0.2052,1847.14773,1845.93308,1846.93595,0.0638,135.5,542,0,242,381,28.142,
1200,284,2,541,538.29809,0.1595,1075.23946,1074.58272,1074.58272,0.0643,27.05,541,0,298,298,28.142,1
1200,285,3,5553,585.30479,0.0827,1754.05031,1752.8942,1752.8942,0.0745,185.1,5553,1323,3823,7613,28.241,
1200,285,3,1350,671.00886,0.1425,2011.25058,2009.93895,2010.94182,0.0858,450,551,657,252,610,28.241,
1200,285,1,818,616.31304,0.0384,615.67877,615.30631,615.30631,0.0669,22.72,818,0,242,405,28.241,
1200,285,3,778,598.64246,0.1749,1794.09151,1792.90719,1793.91006,0.0571,77.8,778,336,740,1393,28.241,
1200,285,2,768,549.75213,0.1111,1098.16234,1097.4908,1097.4908,0.0735,384,768,0,164,170,28.241,
1200,285,3,687,617.98819,0.0512,1852.16368,1850.94828,1851.95115,0.0574,22.16,581,486,651,1137,28.241,1
1200,285,3,593,565.99368,0.1023,1696.08034,1694.96087,1694.96087,0.1163,296.5,593,0,62,62,28.241,
1200,285,3,539,683.99653,0.1076,2050.33295,2048.99684,2049.99972,0.0684,539,502,0,287,571,28.241,1
1200,285,1,537,683.64186,0.0289,683.04763,682.63514,682.63514,0.0627,53.7,537,0,68,68,28.241,1
1200,286,3,4268,585.28617,0.0633,1753.99443,1752.83831,1752.83831,0.0882,152.43,4268,2966,2737,7733,28.34,
1200,286,3,1655,670.98046,0.0811,2011.27315,2009.96152,2010.96439,0.07,551.67,1297,644,469,1090,28.34,
1200,286,3,1506,617.66128,0.1023,1851.1399,1849.92465,1850.92752,0.0675,13.1,1491,0,780,1559,28.34,
1200,286,3,1293,683.67041,0.0986,2049.33987,2048.00391,2049.0068,0.0626,64.65,775,622,677,1702,28.34,
1200,286,3,1092,598.9912,0.0753,1795.1379,1793.95343,1794.95631,0.0742,136.5,1092,402,703,1393,28.34,1
1200,286,3,1076,620.31672,0.2464,1858.15272,1856.92712,1857.92999,0.0921,12.81,1076,0,255,283,28.34,
1200,286,3,870,586.62331,0.2187,1758.00646,1756.84975,1756.84975,0.0602,37.83,870,0,301,763,28.34,1
1200,286,3,689,577.32952,0.1416,1730.11156,1728.96837,1728.96837,0.0873,29.96,689,0,353,626,28.34,
1200,286,3,657,616.65211,0.1381,1848.07004,1846.85525,1847.85812,0.0785,28.13,475,352,779,1569,28.34,1
1200,287,3,2287,598.99529,0.1514,1795.16766,1793.98303,1794.98591,0.0724,67.26,1715,384,1086,1994,28.44,1
1200,287,3,2102,585.3137,0.0828,1754.0127,1752.85643,1752.85643,0.0737,420.4,1965,1710,1418,4196,28.44,
1200,287,3,1290,670.99072,0.1312,2011.2579,2009.94627,2010.94914,0.0765,92.14,735,406,121,325,28.44,
1200,287,3,1094,620.31894,0.1799,1859.16223,1857.93663,1858.9395,0.0693,121.56,1094,389,108,371,28.44,
1200,287,3,716,703.37534,0.1395,2108.4902,2107.11387,2108.11675,0.1008,10.53,356,437,71,162,28.44,
1200,287,3,713,582.97167,0.1621,1747.04989,1745.89483,1745.89483,0.0572,237.67,713,0,520,640,28.44,
1200,287,2,664,547.81376,0.0704,1094.28501,1093.61406,1093.61406,0.0625,664,664,0,275,501,28.44,
1200,287,3,630,565.9716,0.1033,1696.01409,1694.89462,1694.89462,0.0593,70,630,0,210,560,28.44,
1200,287,3,602,684.02078,0.2123,2050.34172,2049.00561,2050.00849,0.0616,21.69,781,471,698,1564,28.44,1
1200,287,3,1369,617.98015,0.1719,1852.13552,1850.92027,1851.92313,0.0595,30.37,577,358,192,1011,28.44,1
1200,288,3,4494,598.66119,0.0786,1794.15904,1792.97456,1793.97744,0.0699,118.26,2526,2624,2175,5181,28.539,
1200,288,2,1681,548.32143,0.2301,1095.30049,1094.6294,1094.6294,0.0616,840.5,1681,0,790,790,28.539,1
1200,288,3,1456,585.29731,0.0934,1754.02786,1752.87175,1752.87175,0.0696,30.33,1456,963,820,1769,28.539,
1200,288,3,1414,683.69484,0.0864,2049.34932,2048.01337,2049.01625,0.0768,707,1088,1383,833,1951,28.539,
1200,288,3,1029,670.99284,0.1148,2011.25075,2009.93912,2010.94199,0.0598,28.58,927,0,178,356,28.539,
1200,288,3,909,617.33885,0.15,1850.21136,1848.99642,1849.99929,0.1116,41.32,909,0,289,289,28.539,
1200,288,1,842,602.30456,0.0702,601.66664,601.29783,601.29783,0.0625,16.84,842,0,159,302,28.539,
1200,288,1,668,620.31734,0.0354,619.69297,619.31061,619.31061,0.0758,55.67,668,0,9,18,28.539,
1200,289,3,6337,598.65691,0.0207,1794.13488,1792.95055,1793.95343,0.0725,792.13,6337,2828,3891,10125,28.638,
1200,289,2,1517,547.8102,0.0238,1094.27788,1093.60693,1093.60693,0.0644,379.25,1517,0,1202,2068,28.638,
1200,289,3,890,683.69529,0.1126,2049.40367,2048.06771,2049.0706,0.0948,178,618,0,404,974,28.638,
1200,289,1,884,703.35457,0.0338,702.77404,702.34784,702.34784,0.0553,22.67,884,0,46,76,28.638,
1200,289,3,849,616.96965,0.2272,1849.15922,1847.94428,1848.94715,0.0607,849,329,466,383,505,28.638,
1200,289,5,711,557.32415,0.1569,2783.30411,2781.51664,2782.51953,0.0605,47.79,573,908,255,765,28.638,
1200,289,1,681,599.95229,0.117,599.31391,598.94556,598.94556,0.0959,97.29,681,0,30,30,28.638,1
1200,289,3,647,670.98272,0.0697,2011.28314,2009.97151,2010.97438,0.0761,647,444,510,94,296,28.638,
1200,289,1,616,586.63878,0.0969,585.98915,585.63206,585.63206,0.0649,19.25,616,0,95,95,28.638,1
1200,289,3,612,601.65594,0.0599,1803.12043,1801.9346,1802.93747,0.0647,122.4,546,0,416,474,28.638,1
1200,290,3,5211,598.65841,0.0172,1794.13737,1792.9529,1793.95577,0.0761,434.25,5185,2735,2558,7818,28.737,
1200,290,3,1110,683.65426,0.1616,2049.26842,2047.93246,2048.93535,0.102,85.38,818,569,555,1363,28.737,
1200,290,3,905,703.69224,0.1545,2108.43,2107.05367,2108.05655,0.1201,37.71,905,0,255,255,28.737,1
1200,290,2,859,547.8132,0.0398,1094.28389,1093.61295,1093.61295,0.0697,66.08,859,0,556,616,28.737,
1200,290,3,830,553.93691,0.145,1659.89172,1658.79056,1658.79056,0.0813,13.83,830,0,197,226,28.737,
1200,290,1,762,670.99008,0.031,670.39388,669.98335,669.98335,0.0756,76.2,762,0,427,735,28.737,
1200,290,1,669,601.31583,0.0797,600.67775,600.3091,600.3091,0.1228,55.75,669,0,5,260,28.737,
1200,290,5,525,557.50152,0.1276,2783.25855,2781.47108,2782.47394,0.08,9.21,525,0,8,8,28.737,
1200,291,3,4385,598.65661,0.0435,1794.13396,1792.94964,1793.95251,0.072,1461.67,4385,2719,2104,6809,28.836,
1200,291,3,1274,703.38137,0.2325,2108.50011,2107.12393,2108.12681,0.078,424.67,1274,463,249,856,28.836,
1200,291,3,890,553.95948,0.1369,1659.95942,1658.85826,1658.85826,0.0671,127.14,890,0,34,167,28.836,
1200,291,3,755,684.02671,0.1013,2050.35716,2049.02105,2050.02394,0.0802,34.32,744,539,718,1909,28.836,1
1200,291,3,618,601.334,0.1975,1802.13683,1800.95115,1801.95403,0.0621,206,396,516,43,486,28.836,
1200,292,3,1859,598.99042,0.1563,1795.13557,1793.9511,1794.95397,0.1023,232.38,1859,384,732,1871,28.935,1
1200,292,3,1671,683.67638,0.144,2049.41452,2048.07856,2049.08145,0.0646,75.95,1172,868,1227,2704,28.935,
1200,292,3,1097,553.95821,0.1414,1659.95562,1658.85445,1658.85445,0.088,99.73,1097,0,93,380,28.935,
1200,292,3,1073,703.38904,0.2077,2108.52312,2107.14694,2108.14982,0.076,56.47,1073,527,172,365,28.935,
1200,293,3,1597,598.66078,0.0565,1794.10345,1792.91898,1793.92186,0.0648,159.7,1343,996,1283,2433,29.034,
1200,293,3,1235,684.01559,0.2303,2050.34688,2049.01077,2050.01366,0.0671,56.14,675,0,593,887,29.034,1
1200,293,3,1118,703.37321,0.1487,2108.46927,2107.09294,2108.09582,0.0817,86,739,460,112,344,29.034,
1200,293,1,1036,602.33668,0.0211,601.69875,601.32995,601.32995,0.0619,129.5,1036,0,47,49,29.034,
1200,293,3,829,774.69729,0.2335,2321.56998,2320.06879,2321.07168,0.1225,276.33,829,0,45,45,29.034,1
1200,293,3,762,675.72714,0.1961,2025.41408,2024.09104,2025.09392,0.1074,12.92,705,749,37,637,29.034,
1200,293,3,721,596.66938,0.0884,1788.16208,1786.98795,1786.98795,0.0524,34.33,721,0,339,496,29.034,
1200,293,1,678,683.68067,0.0906,683.08644,682.67394,682.67394,0.0897,45.2,678,0,597,597,29.034,1
1200,293,3,512,750.08173,0.1367,2247.68083,2246.22212,2247.22502,0.0733,13.84,512,0,16,32,29.034,
1200,294,2,1378,602.34117,0.038,1203.39858,1202.66888,1202.66888,0.066,114.83,1378,0,55,185,29.133,
1200,294,3,1184,683.66515,0.1955,2049.32294,2047.98698,2048.98986,0.0765,107.64,437,424,673,1447,29.133,
1200,294,3,1058,675.71219,0.0723,2025.47961,2024.15657,2025.15945,0.0906,42.32,925,696,290,876,29.133,
1200,294,3,1017,774.7219,0.2285,2322.57782,2321.07648,2322.07937,0.0618,78.23,986,362,85,205,29.133,
1200,294,3,884,598.97683,0.1894,1795.15311,1793.96848,1794.97136,0.0699,80.36,649,0,572,998,29.133,1
1200,294,3,706,749.40821,0.1468,2246.69622,2245.23767,2246.24056,0.0682,78.44,491,338,133,272,29.133,
1200,294,3,702,554.29244,0.2416,1660.95844,1659.85712,1659.85712,0.0481,11.9,702,0,255,411,29.133,
1200,294,3,590,596.66539,0.1572,1788.25212,1787.06855,1788.07142,0.0601,29.5,459,0,391,788,29.133,
1200,294,3,584,611.98262,0.1405,1834.13664,1832.92769,1833.93058,0.0627,584,584,0,227,575,29.133,
1200,294,1,549,555.31985,0.0471,554.65419,554.31312,554.31312,0.0494,183,549,0,243,243,29.133,1
1200,295,3,2233,675.70454,0.2236,2025.41634,2024.09345,2025.09633,0.0735,32.84,2233,1153,780,2075,29.232,
1200,295,2,1760,602.32984,0.0662,1203.37593,1202.64623,1202.64623,0.0832,125.71,1760,733,394,731,29.232,
1200,295,3,827,774.38517,0.1153,2321.63638,2320.13534,2321.13823,0.1065,827,827,426,107,347,29.232,
1200,295,3,726,703.36063,0.1569,2108.48042,2107.10409,2108.10697,0.095,36.3,305,340,48,256,29.232,
1200,295,3,717,684.00791,0.1452,2049.33661,2048.00065,2049.00354,0.1074,10.1,717,0,496,1008,29.232,
1200,296,2,3001,602.33988,0.0267,1203.396,1202.66631,1202.66631,0.0688,1000.33,3001,742,256,815,29.331,
1200,296,3,1972,675.72717,0.0688,2025.48423,2024.16134,2025.16421,0.0943,1972,1972,1084,689,2174,29.331,
1200,296,2,759,609.35012,0.0534,1217.42788,1216.68678,1216.68678,0.0578,94.88,759,0,259,280,29.331,
1200,296,3,566,671.34721,0.2252,2011.33019,2010.01857,2011.02144,0.0547,141.5,566,0,230,399,29.331,
1200,296,2,503,603.84591,0.1325,1206.41781,1205.67837,1205.67837,0.0519,16.77,503,0,70,70,29.331,1
1200,296,3,490,640.68175,0.2193,1919.27762,1918.02217,1919.02507,0.088,54.44,490,0,255,498,29.331,
1200,297,2,2202,602.34421,0.0884,1203.40465,1202.67496,1202.67496,0.1009,100.09,2202,653,388,925,29.43,
1200,297,3,1849,675.70526,0.0402,2025.41847,2024.09559,2025.09846,0.0685,41.09,1849,1067,218,2343,29.43,
1200,297,2,979,631.32986,0.187,1261.41464,1260.64626,1260.64626,0.0735,979,979,0,341,512,29.43,
1200,297,3,938,671.34036,0.1605,2012.3178,2011.00602,2012.00889,0.0669,7.05,867,0,399,427,29.43,1
1200,297,3,807,774.34068,0.1524,2321.62304,2320.12185,2321.12474,0.0718,35.09,695,639,54,410,29.43,
1200,297,2,788,609.3718,0.0798,1217.47126,1216.73015,1216.73015,0.0444,157.6,788,0,97,107,29.43,
1200,297,3,734,684.00031,0.1931,2050.31671,2048.98075,2049.98364,0.0492,9.66,734,0,333,1022,29.43,1
1200,298,3,2188,670.9925,0.1308,2011.26881,2009.95733,2010.9602,0.066,1094,2188,1075,173,1058,29.53,
1200,298,2,2137,602.35299,0.0688,1203.42222,1202.69252,1202.69252,0.0821,118.72,2137,444,271,437,29.53,
1200,298,3,2086,675.70252,0.1838,2025.41026,2024.08738,2025.09025,0.0711,521.5,2086,820,1019,1663,29.53,
1200,298,3,1311,715.72042,0.0846,2145.52609,2144.13284,2145.13572,0.0595,163.88,732,686,103,678,29.53,
1200,298,3,1082,774.68569,0.2379,2321.53519,2320.034,2321.0369,0.1134,108.2,1082,0,40,40,29.53,1
1200,299,3,3913,671.00121,0.1491,2011.29492,2009.98344,2010.98631,0.0989,1304.33,3913,1675,811,2339,29.629,
1200,299,3,2019,715.74556,0.15,2145.62664,2144.23339,2145.23628,0.0618,23.75,1065,689,271,409,29.629,
1200,299,3,1644,774.71996,0.125,2321.63801,2320.13681,2321.13971,0.1131,164.4,1644,0,158,158,29.629,1
1200,299,2,1408,602.34244,0.0206,1203.40111,1202.67142,1202.67142,0.0875,352,1408,506,135,275,29.629,
1200,299,3,1213,675.72107,0.0617,2025.46981,2024.14678,2025.14966,0.059,12.64,1099,889,374,1744,29.629,
1200,299,5,775,588.5155,0.1458,2938.42407,2936.54098,2937.54386,0.0636,387.5,775,0,356,806,29.629,
1200,299,2,767,628.30565,0.1847,1255.36533,1254.59785,1254.59785,0.0506,59,767,0,309,370,29.629,
1200,299,2,614,617.80625,0.0852,1234.35201,1233.59904,1233.59904,0.0488,122.8,614,0,37,41,29.629,
1200,300,3,6233,670.9962,0.014,2011.28062,2009.969,2010.97187,0.0892,890.43,5814,5185,987,3469,29.728,
1200,300,2,1457,602.33397,0.0495,1203.38418,1202.65448,1202.65448,0.072,112.08,1457,358,51,118,29.728,
1200,300,3,1252,774.36844,0.0834,2321.62452,2320.12332,2321.12622,0.092,78.25,1094,1218,276,392,29.728,
1200,300,3,990,676.05242,0.1126,2026.46846,2025.14527,2026.14815,0.0535,34.14,970,0,289,1057,29.728,
1200,300,2,971,628.32908,0.0778,1255.41217,1254.6447,1254.6447,0.1022,29.42,971,0,103,194,29.728,
1200,300,3,939,716.09105,0.1039,2146.57267,2145.17927,2146.18216,0.0701,939,833,536,238,628,29.728,1
1200,300,3,776,752.06492,0.1924,2253.63284,2252.17169,2253.17456,0.0653,35.27,776,0,704,1265,29.728,
1200,301,3,11432,670.99158,0.0097,2011.28261,2009.97099,2010.97386,0.0911,714.5,10267,8075,1496,6603,29.827,
1200,301,3,1184,774.35552,0.1307,2321.5351,2320.03391,2321.0368,0.1109,98.67,880,620,188,439,29.827,
1200,301,2,1173,628.82505,0.1729,1256.40426,1255.63664,1255.63664,0.0838,25.5,1173,357,437,583,29.827,1
1200,301,3,1155,715.74982,0.0758,2145.61906,2144.22581,2145.2287,0.0876,165,1066,689,416,940,29.827,
1200,301,3,1127,676.00561,0.2496,2026.45677,2025.13358,2026.13646,0.0613,35.22,504,0,35,347,29.827,1
1200,301,1,604,602.83291,0.0705,602.19498,601.82618,601.82618,0.0756,15.49,604,0,14,14,29.827,1
1200,302,3,13625,670.99434,0.0184,2011.28549,2009.97386,2010.97673,0.0802,13625,13309,6957,2807,7887,29.926,
1200,302,2,1854,628.32502,0.0397,1255.40406,1254.63659,1254.63659,0.1013,154.5,1854,337,947,1213,29.926,
1200,302,1,912,675.7187,0.0338,675.12326,674.71198,674.71198,0.0731,912,912,0,2,71,29.926,
1200,302,3,575,599.67411,0.2326,1797.18704,1796.00227,1797.00518,0.1373,71.88,575,0,426,426,29.926,
1200,302,3,551,679.70972,0.1476,2037.43262,2036.09847,2037.10135,0.0711,68.88,493,0,8,44,29.926,
1200,303,3,14274,670.99161,0.0177,2011.2734,2009.96177,2010.96464,0.0883,164.07,12210,7730,2274,8286,30.025,
1200,303,2,1634,628.33319,0.0508,1255.4204,1254.65293,1254.65293,0.0777,68.08,1634,0,363,744,30.025,
1200,303,3,667,676.05631,0.0625,2026.45775,2025.13456,2026.13744,0.0843,333.5,429,464,234,558,30.025,1
1200,304,3,11219,670.99707,0.0368,2011.28251,2009.97104,2010.97391,0.0822,1019.91,11219,6934,795,5016,30.124,
1200,304,2,1026,628.30989,0.0456,1255.3738,1254.60632,1254.60632,0.0686,171,1026,378,235,398,30.124,
1200,304,3,909,783.05416,0.1885,2347.77989,2346.26379,2347.26667,0.0678,64.93,643,865,380,927,30.124,
1200,304,2,685,602.34222,0.0416,1203.40068,1202.67099,1202.67099,0.0667,85.63,685,0,245,256,30.124,1
1200,305,3,6644,670.99082,0.0877,2011.26376,2009.95228,2010.95515,0.0809,3322,6644,2577,578,2052,30.223,
1200,305,3,1705,783.07148,0.1112,2347.70191,2346.18581,2347.18869,0.0688,426.25,1109,941,1352,3179,30.223,
1200,305,1,925,602.33088,0.0238,601.69295,601.32415,601.32415,0.0575,231.25,925,0,105,120,30.223,
1200,305,3,723,675.71503,0.1861,2025.55271,2024.22967,2025.23255,0.1072,72.3,584,458,491,957,30.223,
1200,305,1,564,628.27794,0.084,627.65478,627.27121,627.27121,0.0579,141,564,0,11,129,30.223,
1200,305,1,541,672.68488,0.1094,672.08898,671.67815,671.67815,0.0479,9.66,541,0,205,205,30.223,1
1200,306,3,2688,783.0767,0.1649,2347.72586,2346.20991,2347.21279,0.0763,99.56,2688,1197,1753,3537,30.322,
1200,306,3,2557,671.01062,0.0336,2011.28845,2009.97682,2010.97969,0.0897,42.62,2045,1487,506,1054,30.322,
1200,306,3,1455,675.70652,0.105,2025.42226,2024.09937,2025.10225,0.0739,39.32,1455,797,539,1486,30.322,
1200,306,3,837,679.69274,0.0666,2037.39016,2036.05601,2037.05889,0.0923,19.02,702,346,48,618,30.322,
1200,306,2,766,602.33256,0.0857,1203.38135,1202.65165,1202.65165,0.0811,76.6,766,320,237,744,30.322,
1200,306,3,585,752.07753,0.0629,2254.62724,2253.16594,2254.16881,0.0753,27.86,509,398,506,968,30.322,
1200,307,3,1637,783.06806,0.0616,2347.67082,2346.15472,2347.1576,0.1045,51.16,1080,1018,833,2518,30.421,
1200,307,2,1171,602.35703,0.1105,1203.4303,1202.7006,1202.7006,0.1107,61.63,1171,357,77,451,30.421,
1200,307,3,1010,671.31684,0.1662,2012.24198,2010.93035,2011.93322,0.073,8.35,1010,0,25,27,30.421,1
1200,307,3,996,679.99694,0.1638,2038.32945,2036.99515,2037.99803,0.0754,20.33,552,0,59,288,30.421,1
1200,307,2,988,664.32904,0.1618,1327.45443,1326.64462,1326.64462,0.0894,197.6,988,0,250,369,30.421,
1200,307,3,696,676.05348,0.141,2026.46334,2025.1403,2026.14318,0.061,87,696,397,192,941,30.421,1
1200,307,2,654,629.83693,0.2345,1258.42833,1257.66041,1257.66041,0.0515,43.6,654,0,325,325,30.421,1
1200,308,3,1746,783.10345,0.1362,2347.66514,2346.14904,2347.15192,0.0641,48.5,959,1746,483,1470,30.52,
1200,308,3,1504,679.71855,0.2168,2037.44757,2036.11343,2037.11631,0.0795,376,462,858,90,156,30.52,
1200,308,3,1225,675.72329,0.1139,2025.49585,2024.17281,2025.17569,0.0638,53.26,890,415,433,501,30.52,
1200,308,2,1023,602.35268,0.1614,1203.4216,1202.69191,1202.69191,0.0803,53.84,1023,551,270,320,30.52,
1200,308,3,542,752.04991,0.1515,2254.55613,2253.09483,2254.09771,0.0671,41.69,327,0,240,465,30.52,1
1200,308,2,465,664.27426,0.1985,1327.34487,1326.53506,1326.53506,0.1777,232.5,465,0,98,98,30.52,1
1200,309,3,1262,675.70549,0.103,2025.41918,2024.09629,2025.09917,0.067,315.5,1262,532,13,449,30.62,
1200,309,3,1193,680.01205,0.105,2038.34567,2037.01138,2038.01426,0.0648,14.73,705,679,417,444,30.62,1
1200,309,2,1139,602.33843,0.0552,1203.39311,1202.66341,1202.66341,0.0712,284.75,1139,0,365,422,30.62,
1200,309,3,1122,783.08854,0.1323,2347.77099,2346.25488,2347.25777,0.0714,36.19,1033,535,598,1192,30.62,
1200,309,3,1060,751.68593,0.1959,2253.60686,2252.14571,2253.14859,0.0823,23.56,596,484,815,1572,30.62,
1200,309,2,651,660.81679,0.1623,1320.44392,1319.63502,1319.63502,0.0607,23.25,536,0,425,650,30.62,
1200,310,3,1333,751.72967,0.0794,2253.60876,2252.14761,2253.15049,0.0847,78.41,622,850,1188,2971,30.719,
1200,310,2,1120,664.32126,0.1101,1327.43888,1326.62907,1326.62907,0.1215,86.15,1120,789,609,1173,30.719,
1200,310,3,1081,679.68932,0.039,2037.37197,2036.03782,2037.0407,0.0868,16.63,986,652,221,1021,30.719,
1200,310,3,940,633.00254,0.1545,1897.22806,1895.98743,1896.99031,0.0673,235,940,339,268,719,30.719,
1200,310,3,555,730.04898,0.0974,2188.48802,2187.06815,2188.07103,0.0621,555,310,322,187,281,30.719,
1200,311,3,1367,752.0538,0.1575,2254.57286,2253.11155,2254.11443,0.0612,170.88,967,425,1353,2306,30.818,1
1200,311,3,1290,633.00406,0.0594,1897.18546,1895.94468,1896.94757,0.0869,258,1113,811,620,1309,30.818,
1200,311,2,785,664.84345,0.1674,1328.48342,1327.67346,1327.67346,0.1249,196.25,785,0,499,554,30.818,1
1200,311,3,774,675.72667,0.237,2025.48271,2024.15982,2025.1627,0.091,70.36,774,0,224,501,30.818,
1200,311,2,741,602.35339,0.1528,1203.42303,1202.69333,1202.69333,0.0567,247,741,0,50,87,30.818,
1200,311,1,525,751.70611,0.1623,751.15361,750.69938,750.69938,0.0807,65.63,525,0,450,614,30.818,
1200,311,3,730,730.70993,0.1996,2190.52963,2189.10961,2190.11249,0.076,86.57,524,0,1,76,30.818,1
1200,312,2,2906,664.33564,0.1787,1327.46762,1326.65782,1326.65782,0.0693,968.67,2906,0,1522,1842,30.917,
1200,312,3,1182,751.73401,0.2266,2252.63996,2251.17896,2252.18184,0.0937,47.28,1182,578,877,1481,30.917,
1200,312,3,957,633.3291,0.2472,1898.30111,1897.06017,1898.06306,0.0726,29.91,514,0,183,566,30.917,1
1200,312,2,899,602.34993,0.069,1203.4161,1202.68641,1202.68641,0.0659,224.75,899,0,228,486,30.917,
1200,312,3,732,730.36571,0.0775,2189.472,2188.05198,2189.05486,0.0749,81.33,542,437,234,309,30.917,1
1200,312,2,495,667.35896,0.1953,1333.60267,1332.70447,1332.70447,0.0529,61.88,495,0,214,214,30.917,1
1200,313,2,2211,602.33138,0.1162,1203.379,1202.6493,1202.6493,0.0681,221.1,2211,0,231,234,31.016,
1200,313,2,1742,664.35821,0.1145,1327.51276,1326.70296,1326.70296,0.097,580.67,1742,888,284,1031,31.016,
1200,313,3,1241,632.99055,0.1231,1897.15568,1895.91489,1896.91778,0.0664,112.82,753,774,518,1714,31.016,
1200,313,2,670,667.35469,0.1216,1333.59413,1332.69593,1332.69593,0.0567,17.63,670,0,273,412,31.016,
1200,313,4,622,719.87987,0.2419,2876.33203,2874.48976,2875.49258,0.1104,38.88,622,0,35,35,31.016,
1200,313,3,502,676.08021,0.1911,2026.38902,2025.06583,2026.0687,0.0874,502,430,0,263,326,31.016,1
1200,314,2,2805,664.32714,0.0389,1327.45063,1326.64082,1326.64082,0.084,93.5,2805,973,1570,3033,31.115,
1200,314,2,1931,602.33524,0.024,1203.38672,1202.65703,1202.65703,0.0854,52.19,1931,566,253,702,31.115,
1200,314,3,842,841.46815,0.0869,2523.01051,2521.38443,2522.38731,0.0717,60.14,535,324,462,1249,31.115,
1200,314,1,698,665.82097,0.063,665.22402,664.81424,664.81424,0.0594,17.45,698,0,591,638,31.115,1
1200,314,3,849,632.99962,0.1983,1897.2193,1895.97867,1896.98156,0.1507,20.21,667,0,316,646,31.115,
1200,314,3,509,752.05448,0.1638,2253.60152,2252.14037,2253.14324,0.1344,169.67,509,0,193,193,31.115,1
1200,315,2,3609,664.32978,0.0447,1327.45591,1326.64611,1326.64611,0.067,171.86,3609,1160,2164,3786,31.214,
1200,315,2,846,680.81662,0.042,1360.5329,1359.6198,1359.6198,0.0894,31.33,846,424,416,1075,31.214,
1200,315,3,627,675.71005,0.2475,2024.42997,2023.10708,2024.10995,0.0634,6.15,627,351,224,347,31.214,
1200,316,2,3324,664.32848,0.0393,1327.45331,1326.64351,1326.64351,0.0756,3324,3324,830,972,3013,31.313,
1200,316,2,865,680.81442,0.063,1360.5285,1359.61539,1359.61539,0.1017,288.33,865,0,569,741,31.313,
1200,316,3,714,737.01417,0.2342,2209.53149,2208.09915,2209.10204,0.0895,54.92,447,0,535,807,31.313,1
1200,316,2,692,707.38603,0.1258,1413.70963,1412.7586,1412.7586,0.0522,10.09,692,288,496,686,31.313,
1200,316,3,680,841.79102,0.1769,2523.93507,2522.30898,2523.31187,0.0847,21.25,580,0,597,1042,31.313,1
1200,317,2,2377,664.3256,0.044,1327.44754,1326.63774,1326.63774,0.0783,792.33,2377,1406,1216,2680,31.412,
1200,317,3,1635,736.69331,0.1205,2208.50093,2207.06874,2208.07163,0.0667,33.37,1223,818,916,1958,31.412,
1200,317,3,1018,841.45773,0.1143,2522.97511,2521.34903,2522.35191,0.0901,20.78,505,443,600,1650,31.412,
1200,317,2,920,680.81466,0.1284,1360.52897,1359.61586,1359.61586,0.0735,102.22,920,0,803,1156,31.412,
1200,317,3,808,724.06019,0.1781,2170.55969,2169.14254,2170.14541,0.0492,26.93,278,0,657,659,31.412,
1200,317,2,496,707.40381,0.2464,1413.74521,1412.79417,1412.79417,0.0825,12.52,496,465,107,623,31.412,
1200,318,2,2186,664.32535,0.0377,1327.44705,1326.63725,1326.63725,0.0798,2186,2186,624,1059,2122,31.511,
1200,318,3,1707,736.70881,0.0681,2208.50724,2207.07505,2208.07794,0.0849,284.5,1245,923,909,2406,31.511,
1200,318,2,1054,681.33099,0.2325,1361.57109,1360.64853,1360.64853,0.045,175.67,1054,0,681,950,31.511,
1200,318,3,1038,724.02833,0.0909,2170.54234,2169.12519,2170.12806,0.0799,103.8,756,492,398,954,31.511,
1200,318,3,958,841.78681,0.1283,2522.96344,2521.33736,2522.34024,0.1136,479,958,0,821,821,31.511,1
1200,318,2,788,707.41847,0.1325,1413.77452,1412.82348,1412.82348,0.0724,394,788,0,139,391,31.511,
1200,319,2,1513,664.33624,0.0585,1327.46883,1326.65902,1326.65902,0.0843,151.3,1513,466,670,1324,31.61,
1200,319,3,1240,841.47665,0.206,2522.95249,2521.32641,2522.32929,0.0816,15.31,1088,361,1129,2597,31.61,
1200,319,3,1111,736.69931,0.1481,2208.42807,2206.99588,2207.99877,0.0812,7.12,1109,640,764,1508,31.61,
1200,319,3,691,724.01866,0.178,2170.58891,2169.17176,2170.17463,0.0826,34.55,541,279,380,924,31.61,
1200,319,3,643,663.00794,0.1821,1987.25408,1985.95895,1986.96184,0.061,12.13,397,381,277,793,31.61,1
1200,319,3,576,817.12113,0.13,2449.90534,2448.32174,2449.32462,0.0578,576,565,0,24,200,31.61,
1200,320,2,2161,664.33184,0.0993,1327.46003,1326.65023,1326.65023,0.0841,540.25,2161,776,1298,2460,31.71,
1200,320,3,1041,662.6708,0.0776,1986.31696,1985.02198,1986.02487,0.0915,65.06,1038,717,255,744,31.71,
1200,320,3,885,737.02296,0.0902,2208.47799,2207.0458,2208.04869,0.1144,12.46,885,0,449,449,31.71,
1200,320,3,664,841.34644,0.2356,2521.87683,2520.25075,2521.25363,0.1756,15.09,664,343,409,1165,31.71,
1200,321,2,1507,664.33631,0.037,1327.46897,1326.65916,1326.65916,0.0748,53.82,1507,592,1049,2264,31.809,
1200,321,3,1104,662.7031,0.2125,1986.38398,1985.08915,1986.09204,0.0965,220.8,1104,952,229,1149,31.809,
1200,321,1,630,817.48738,0.0748,816.97616,816.48066,816.48066,0.0642,18.53,630,0,262,354,31.809,
1200,321,1,575,736.68338,0.2097,736.12861,735.67665,735.67665,0.1577,10.85,575,260,220,838,31.809,
1200,322,2,1301,664.33265,0.1793,1327.46165,1326.65184,1326.65184,0.0702,30.98,1301,601,771,1197,31.908,
1200,322,3,1064,662.68253,0.0986,1986.32225,1985.02742,1986.03031,0.0794,212.8,1064,335,377,1170,31.908,
1200,322,3,626,841.79838,0.1417,2523.9901,2522.36401,2523.3669,0.0867,31.3,418,478,418,1174,31.908,1
1200,322,1,501,841.42322,0.0849,840.92492,840.41649,840.41649,0.0688,27.83,501,0,265,702,31.908,
1200,323,2,1512,664.33579,0.0251,1327.46793,1326.65812,1326.65812,0.0548,47.25,1512,415,803,1941,32.007,
1200,323,3,1126,699.03386,0.1309,2095.44631,2094.08139,2095.08426,0.0712,24.64,616,481,135,240,32.007,1
1200,323,3,585,663.33742,0.2041,1987.28431,1985.98918,1986.99207,0.1221,9.14,585,0,174,174,32.007,1
1200,323,3,459,841.44992,0.179,2521.95253,2520.32675,2521.32959,0.2254,153,459,0,387,387,32.007,
1200,324,2,1401,664.83067,0.1664,1328.45785,1327.64789,1327.64789,0.077,93.4,1401,378,1027,1572,32.106,1
1200,324,3,863,698.69866,0.1469,2094.44058,2093.07581,2094.07868,0.0857,34.52,863,0,526,941,32.106,
1200,324,1,662,735.41429,0.1065,734.85937,734.40756,734.40756,0.0808,22.07,662,0,358,390,32.106,
1200,325,2,1593,664.8368,0.1736,1328.47009,1327.66013,1327.66013,0.0537,1593,1593,0,1033,1484,32.205,1
1200,325,2,748,736.37766,0.2476,1471.72382,1470.74186,1470.74186,0.0496,25.79,748,421,83,219,32.205,
1200,326,2,1426,736.37803,0.0374,1471.72456,1470.7426,1470.7426,0.0759,1426,1426,813,219,670,32.304,
1200,326,4,817,735.16138,0.1777,2938.38684,2936.50375,2937.50663,0.0722,12.97,336,441,241,723,32.304,
1200,326,2,635,722.38374,0.1017,1443.74718,1442.78063,1442.78063,0.0917,158.75,620,0,169,446,32.304,
1200,327,2,1800,736.36316,0.1375,1471.69482,1470.71286,1470.71286,0.0848,112.5,1800,336,57,208,32.403,
1200,327,1,779,735.94248,0.0975,735.38756,734.93575,734.93575,0.0834,59.92,779,627,517,574,32.403,
1200,327,2,639,664.34228,0.102,1327.48091,1326.6711,1326.6711,0.0874,13.6,639,265,453,680,32.403,
1200,327,1,559,722.40258,0.0684,721.8364,721.39585,721.39585,0.0667,21.5,559,0,108,217,32.403,
1200,328,2,2110,736.3819,0.0799,1471.7323,1470.75034,1470.75034,0.0727,95.91,2110,733,122,293,32.502,
1200,328,2,1243,664.33127,0.1351,1327.4589,1326.64909,1326.64909,0.0613,77.69,1243,315,423,752,32.502,
1200,328,2,836,722.39181,0.0608,1443.73657,1442.77017,1442.77017,0.0719,12.86,836,0,119,229,32.502,
1200,328,2,753,735.38678,0.1501,1469.74177,1468.76011,1468.76011,0.0727,95.91,753,2110,122,742,32.502,
1200,329,2,2644,736.87964,0.1666,1472.72794,1471.74582,1471.74582,0.074,240.36,2644,599,42,345,32.601,1
1200,329,1,540,724.40922,0.0745,723.84335,723.4025,723.4025,0.1206,135,540,0,376,527,32.601,
1200,329,2,534,722.38463,0.143,1443.72221,1442.75581,1442.75581,0.0742,267,534,0,34,116,32.601,
1200,329,2,505,664.31028,0.19,1327.41346,1326.6035,1326.6035,0.1595,252.5,494,265,164,742,32.601,
1200,330,2,1469,736.38169,0.1754,1471.72176,1470.73964,1470.73964,0.0802,734.5,988,412,198,275,32.701,
1200,330,1,604,738.39318,0.0996,737.83872,737.38645,737.38645,0.072,30.2,604,0,27,27,32.701,1
1200,330,2,501,724.38696,0.2286,1447.70698,1446.73982,1446.73982,0.0714,41.75,359,0,156,254,32.701,
1200,331,2,1044,736.38104,0.0821,1471.73058,1470.74862,1470.74862,0.0711,61.41,1044,539,95,190,32.8,
1200,331,2,933,724.39182,0.1381,1447.73719,1446.77019,1446.77019,0.0625,12.78,933,0,167,211,32.8,
1200,331,2,432,743.88738,0.0975,1486.7294,1485.73573,1485.73573,0.0788,86.4,411,0,290,621,32.8,
1200,332,2,846,736.34974,0.1537,1471.66798,1470.68602,1470.68602,0.0702,35.25,846,353,387,586,32.899,
1200,332,3,462,980.4516,0.2428,2939.21499,2937.33174,2938.33463,0.093,33,462,0,4,8,32.899,
1200,333,2,597,724.41349,0.2119,1447.78053,1446.81353,1446.81353,0.1326,119.4,597,401,38,250,32.998,
1200,333,1,427,736.38445,0.1774,735.82953,735.37772,735.37772,0.1113,71.17,427,0,40,40,32.998,1
1200,335,2,369,786.86284,0.1944,1572.75955,1571.71228,1571.71228,0.1706,12.72,369,0,36,36,33.196,
1200,336,1,626,794.91522,0.0457,794.39138,793.90849,793.90849,0.0681,41.73,626,0,83,182,33.295,
1200,337,2,405,786.86685,0.0929,1572.76752,1571.72025,1571.72025,0.0726,40.5,405,290,265,543,33.394,
1200,338,4,793,832.9283,0.1269,3328.8013,3326.68342,3328.68891,0.0862,19.83,793,0,276,276,33.493,
1200,338,2,539,786.85031,0.0737,1572.73443,1571.68717,1571.68717,0.081,28.37,539,425,209,527,33.493,
1200,338,2,467,738.96658,0.1517,1476.91171,1475.9197,1475.9197,0.0744,93.4,467,0,83,187,33.493,
1200,339,2,541,786.87064,0.1127,1572.77509,1571.72782,1571.72782,0.064,41.62,541,0,155,306,33.592,
1200,340,2,635,786.90243,0.2136,1572.83867,1571.7914,1571.7914,0.1083,19.84,635,0,497,802,33.691,
1200,341,2,630,805.95437,0.2426,1610.96842,1609.89529,1609.89529,0.0796,630,630,0,124,496,33.791,
1200,341,2,523,866.33827,0.1776,1731.80658,1730.66308,1730.66308,0.0873,47.55,523,0,72,139,33.791,
1200,341,1,511,959.82429,0.0949,959.40688,958.81756,958.81756,0.0512,11.11,511,0,115,121,33.791,
1200,342,2,669,805.9513,0.131,1610.96227,1609.88914,1609.88914,0.0621,167.25,669,279,175,213,33.89,
1200,343,2,1107,805.98023,0.2384,1611.02013,1609.947,1609.947,0.0745,184.5,1107,481,272,649,33.989,
1200,343,2,436,866.345,0.1238,1731.81396,1730.67031,1730.67031,0.0655,16.77,310,0,183,188,33.989,
1200,344,2,980,805.9555,0.1745,1610.97067,1609.89753,1609.89753,0.074,326.67,980,0,594,620,34.088,
1200,344,2,961,866.30629,0.2437,1731.74263,1730.59913,1730.59913,0.0967,240.25,961,0,236,564,34.088,
1200,345,2,1007,805.96332,0.1436,1610.98631,1609.91318,1609.91318,0.0712,503.5,1007,432,446,581,34.187,
1200,345,2,976,866.3136,0.1504,1731.77556,1730.63192,1730.63192,0.0812,195.2,657,281,291,483,34.187,1
1200,345,3,373,959.85055,0.1892,2877.371,2875.52858,2876.53148,0.0846,26.64,373,0,99,100,34.187,
1200,346,1,602,865.81221,0.0941,865.33056,864.80548,864.80548,0.0886,66.89,602,0,248,346,34.286,
1200,346,2,434,805.95613,0.0519,1610.9697,1609.89641,1609.89641,0.0851,39.45,421,243,352,450,34.286,
1200,347,2,869,865.83568,0.1877,1730.80125,1729.6579,1729.6579,0.0957,86.9,869,453,419,792,34.385,
1200,347,1,438,805.98831,0.0589,805.47543,804.98158,804.98158,0.0484,7.3,438,0,179,367,34.385,
1200,348,2,686,865.83476,0.1583,1730.7994,1729.65605,1729.65605,0.0683,62.36,686,468,294,738,34.484,
1200,348,2,600,877.43861,0.1078,1754.01989,1752.86377,1752.86377,0.0768,20.69,600,0,383,660,34.484,
1200,349,2,849,877.41514,0.0426,1753.98421,1752.82795,1752.82795,0.0835,42.45,840,460,163,922,34.583,
1200,350,2,939,877.44784,0.1662,1754.07863,1752.92236,1752.92236,0.1095,117.38,916,573,659,1795,34.682,
1200,351,2,1633,877.45004,0.12,1754.04275,1752.88663,1752.88663,0.076,125.62,1633,539,703,1816,34.781,
1200,351,2,806,865.78922,0.1348,1730.70834,1729.56499,1729.56499,0.0945,33.58,806,696,513,1162,34.781,
1200,351,1,575,867.89552,0.1854,867.42346,866.88879,866.88879,0.084,575,575,0,320,320,34.781,1
1200,351,3,561,959.49874,0.1032,2877.24503,2875.40261,2876.40551,0.0803,46.75,466,380,383,1012,34.781,
1200,352,2,1226,877.42253,0.1572,1754.04365,1752.88739,1752.88739,0.1146,43.79,972,259,713,1407,34.881,
1200,353,2,943,877.43975,0.0548,1754.0345,1752.87824,1752.87824,0.133,36.27,936,669,748,2187,34.98,
1200,353,2,694,866.30581,0.152,1731.74166,1730.59816,1730.59816,0.0946,694,694,255,81,215,34.98,1
1200,354,2,871,865.82884,0.1507,1730.78756,1729.64422,1729.64422,0.1011,54.44,871,565,26,622,35.079,
1200,354,2,427,877.94768,0.1528,1755.01081,1753.85439,1753.85439,0.0687,61,395,0,269,405,35.079,1
1200,355,2,994,865.811,0.164,1730.75188,1729.60854,1729.60854,0.0826,994,994,279,504,1007,35.178,
1200,355,1,379,878.94207,0.0712,878.47168,877.93535,877.93535,0.0441,29.15,379,0,230,230,35.178,1
1200,356,2,816,865.81465,0.1592,1730.75919,1729.61585,1729.61585,0.1029,272,816,495,92,391,35.277,
1200,356,1,439,897.96837,0.0962,897.51014,896.96164,896.96164,0.0669,54.88,439,0,337,427,35.277,
1200,357,2,743,865.80892,0.177,1730.74773,1729.60439,1729.60439,0.1105,185.75,743,719,73,266,35.376,
1200,358,2,1013,865.81968,0.2133,1730.76925,1729.6259,1729.6259,0.0785,129.11,1013,1162,780,1346,35.475,
1200,358,2,575,722.37884,0.1081,1443.71063,1442.74423,1442.74423,0.045,575,575,0,234,319,35.475,
1200,359,2,605,865.83258,0.1789,1730.74686,1729.60337,1729.60337,0.1197,151.25,571,0,177,338,35.574,
1200,359,2,497,897.46909,0.1865,1794.15193,1792.96746,1793.97033,0.1061,45.18,319,272,427,502,35.574,1
1200,360,2,927,865.82695,0.2066,1730.78379,1729.64045,1729.64045,0.0898,37.08,927,0,465,508,35.673,
1200,361,2,685,897.99777,0.244,1795.14135,1793.95673,1794.95961,0.1163,137,291,264,561,934,35.772,1
1200,362,2,1362,897.47842,0.2219,1794.13066,1792.94619,1793.94906,0.0967,136.2,719,341,691,1372,35.871,
1200,364,2,1616,897.49348,0.07,1794.13877,1792.95429,1793.95717,0.1012,404,1134,809,764,2072,36.07,
1200,364,1,567,866.81677,0.1299,866.34456,865.81004,865.81004,0.0519,141.75,567,0,13,13,36.07,
1200,365,2,1528,897.49556,0.0402,1794.12671,1792.94224,1793.94511,0.0839,218.29,1218,755,601,1598,36.169,
1200,366,2,1021,897.48961,0.1163,1794.15008,1792.96576,1793.96863,0.108,32.94,1021,813,507,1587,36.268,
1200,367,2,866,897.4844,0.238,1794.13966,1792.95534,1793.95821,0.0868,288.67,866,700,291,1401,36.367,
1200,368,2,640,897.47669,0.1824,1794.12424,1792.93992,1793.94279,0.094,640,640,182,407,940,36.466,
1200,369,2,341,897.98707,0.2032,1794.14229,1792.95781,1793.96069,0.0511,28.42,341,195,294,495,36.565,
