Spectrum number,Filename/id,Peptide,E-value,Mass,GI,Accession,Start,Stop,Defline,Mods,Charge,Theo Mass,Tandem Hyperscore
12,55.1074.1074.3.dta ,LCYIALDFDEEMKAAEDSSDIEK,1.7e-004,2709.15,,psu|NC_LIV_020800,217,239,,"57.0215_C:2,15.9949_M:12",3,2708.195,79.6
285,55.884.884.3.dta ,KDLYGNVVLSGGTTMYEGIGER,2.9e-003,2375.12,,psu|NC_LIV_020800,292,313,,15.9949_M:15,3,2375.155,70.3
83,55.3471.3474.3.dta ,KDLYGNVVLSGGTTMYEGIGER,3.0e-003,2375.57,,psu|NC_LIV_020800,292,313,,15.9949_M:15,3,2375.155,70.1
21,55.1145.1145.3.dta ,VIDENFGLVEGLMTTVHAATGTQK,5.1e-003,2548.22,,psu|NC_LIV_105380,842,865,,15.9949_M:13,3,2547.276,44.8
198,55.721.761.3.dta ,GVGGAIVLVLYDEMK,1.6e-002,1579.76,,psu|NC_LIV_140010,297,311,,15.9949_M:14,3,1579.840,51.2
13,55.1103.1106.2.dta ,HAVGGRYSSLLCK,6.7e-002,1448.76,,Rnd3psu|NC_LIV_113200,392,404,,57.0215_C:12,2,1447.747,27.5
77,55.3359.3362.3.dta ,ADNTPANAVVPLEK,1.0e-001,1439.81,,Rnd1psu|NC_LIV_141390,50,63,,,3,1438.754,53.5
26,55.1218.1218.2.dta ,SLCPLAALDELAE,1.3e-001,1401.63,,Rnd2psu|NC_LIV_114450,1000,1012,,57.0215_C:3,2,1401.693,42.4
261,55.786.793.2.dta ,HPGMLELCKSAK,1.6e-001,1386.57,,Rnd2psu|NC_LIV_080980,1006,1017,,"57.0215_C:8,15.9949_M:4",2,1386.687,31.1
137,55.574.579.3.dta ,RPPEREGPVAPSAETR,1.7e-001,1749.8,,Rnd2psu|NC_LIV_011340,407,422,,,3,1748.904,51.4
82,55.3465.3465.2.dta ,SNSSVESHR,1.8e-001,1003.43,,Rnd1psu|NC_LIV_020680,273,281,,,2,1002.460,30.3
80,55.3392.3395.3.dta ,LELASAIKSFTVGLK,2.2e-001,1576.76,,Rnd3psu|NC_LIV_104740,183,197,,,3,1576.931,46.1
268,55.814.817.3.dta ,QDVTVSFGTDELITSDR,2.5e-001,1881.74,,Rnd3psu|NC_LIV_120940,194,210,,,3,1882.903,41.1
4,55.1029.1032.2.dta ,LGESDQDSSEDETK,2.6e-001,1539.35,,psu|NC_LIV_090530,408,421,,,2,1539.629,42.7
0,55.1001.1001.3.dta ,YPGAEPVLSQTAPTGSPQDDAEQGALK,2.7e-001,2726.19,,Rnd1psu|NC_LIV_132480,1420,1446,,,3,2727.311,56.1
295,55.922.929.2.dta ,MDEKAGVAYDTGSENK,3.3e-001,1730.68,,Rnd2psu|NC_LIV_102020,136,151,,15.9949_M:1,2,1730.754,41.8
225,55.735.747.2.dta ,EMYKGGAR,3.5e-001,927.533,,Rnd1psu|NC_LIV_111580,135,142,,15.9949_M:2,2,927.435,27.1
254,55.751.756.3.dta ,ASEPLGQAVINGKR,3.5e-001,1439.87,,Rnd3psu|NC_LIV_082190,1548,1561,,,3,1439.796,52.2
309,55.991.991.3.dta ,DKPSCDMMERATARLK,3.5e-001,1907.85,,psu|NC_LIV_130800,697,712,,57.0215_C:5,3,1908.909,48.5
114,55.487.487.3.dta ,VHGQGETVPQDQGATR,3.7e-001,1681.04,,psu|NC_LIV_131480,1336,1351,,,3,1679.810,40.8
294,55.919.919.3.dta ,QDVTVSFGTDELITSDR,4.1e-001,1881.75,,Rnd3psu|NC_LIV_120940,194,210,,,3,1882.903,41.0
186,55.705.712.3.dta ,AANGLAEGAPSTKPR,4.2e-001,1439.91,,Rnd3psu|NC_LIV_051390,3513,3527,,,3,1439.760,52.2
75,55.3266.3269.3.dta ,EEMSIGENLQAEMDR,4.3e-001,1749.69,,Rnd2psu|NC_LIV_071320,985,999,,"15.9949_M:13,-18.0106_E:1",3,1749.742,46.2
17,55.1131.1136.2.dta ,GKPVILLDSTHRR,4.6e-001,1492.97,,Rnd2psu|NC_LIV_141880,1443,1455,,,2,1491.875,30.9
297,55.926.933.2.dta ,HLGPSSALSRR,5.1e-001,1180.19,,Rnd2psu|NC_LIV_081840,574,584,,,2,1180.655,28.6
262,55.789.800.3.dta ,ADNTPANAVVPLEK,5.1e-001,1439.91,,Rnd1psu|NC_LIV_141390,50,63,,,3,1438.754,50.2
127,55.532.541.2.dta ,YNCLDSGTNFVR,5.4e-001,1444.63,,Rnd3psu|NC_LIV_130400,784,795,,57.0215_C:3,2,1445.648,31.4
263,55.791.791.2.dta ,EMYKGGAR,5.5e-001,927.553,,Rnd1psu|NC_LIV_111580,135,142,,15.9949_M:2,2,927.435,30.2
174,55.660.660.2.dta ,AATSSATGSDR,5.5e-001,1022.47,,psu|NC_LIV_082260,376,386,,,2,1023.470,34.8
266,55.807.810.2.dta ,GSCADAGFDRLESLDR,5.7e-001,1769.84,,psu|NC_LIV_080090,8155,8170,,57.0215_C:3,2,1768.792,34.9
194,55.716.719.2.dta ,FLLSEVGPMSAR,6.4e-001,1305.79,,Rnd3psu|NC_LIV_031010,1403,1414,,,2,1306.682,34.8
298,55.941.948.2.dta ,ITPALGRVPLK,6.4e-001,1163.65,,Rnd2psu|NC_LIV_121420,975,985,,,2,1164.746,36.3
79,55.3378.3381.2.dta ,EMYKGGAR,6.5e-001,927.495,,Rnd1psu|NC_LIV_111580,135,142,,15.9949_M:2,2,927.435,30.2
288,55.894.908.2.dta ,NVDEEGRMAK,7.1e-001,1164.81,,Rnd1psu|NC_LIV_111770,137,146,,15.9949_M:8,2,1164.531,33.8
282,55.873.880.2.dta ,HWPVFDAKPFPK,7.3e-001,1467.73,,Rnd3psu|NC_LIV_041870,1017,1028,,,2,1468.774,29.1
190,55.709.709.2.dta ,AKSLFAFLDR,7.8e-001,1168.15,,psu|NC_LIV_120070,2064,2073,,,2,1167.652,37.5
180,55.684.691.2.dta ,NMVALMSLALPPAMEK,7.9e-001,1748.76,,Rnd1psu|NC_LIV_113950,1945,1960,,"15.9949_M:2,15.9949_M:6",2,1747.879,35.9
98,55.440.440.3.dta ,QFIPDGAIAMTK,8.3e-001,1291.65,,Rnd3psu|NC_LIV_011470,1466,1477,,,3,1291.671,33.1
264,55.796.805.3.dta ,LELASAIKSFTVGLK,9.0e-001,1576.8,,Rnd3psu|NC_LIV_104740,183,197,,,3,1576.931,43.4
121,55.513.518.3.dta ,QLTSSALCPPAVR,9.0e-001,1400.1,,Rnd2psu|NC_LIV_114150,8,20,,57.0215_C:8,3,1399.736,25.6
286,55.887.887.3.dta ,EILLTLAPTNRAVMTVR,9.3e-001,1880.9,,Rnd1psu|NC_LIV_133650,157,173,,-18.0106_E:1,3,1880.079,39.5
115,55.490.499.3.dta ,MESPGSSVALTR,9.7e-001,1249.82,,Rnd2psu|NC_LIV_111560,682,693,,15.9949_M:1,3,1250.605,43.7
275,55.845.854.3.dta ,GKGPAGPLSPPAPSGPALLPK,1.1e+000,1909.23,,psu|NC_LIV_061900,180,200,,,3,1909.091,45.3
30,55.1272.1272.3.dta ,GDVLSADIRVSLLDIR,1.1e+000,1740.75,,Rnd2psu|NC_LIV_040790,439,454,,,3,1741.981,46.3
307,55.979.984.2.dta ,LVGKAGVINK,1.1e+000,997.19,,Rnd1psu|NC_LIV_091750,162,171,,,2,998.636,30.0
108,55.467.470.2.dta ,ASETAQYGRR,1.1e+000,1138.56,,Rnd3psu|NC_LIV_001570,518,527,,,2,1138.5600,28.8
84,55.3487.3490.2.dta ,NVDEEGRMAK,1.1e+000,1163.66,,Rnd1psu|NC_LIV_111770,137,146,,15.9949_M:8,2,1164.531,33.8
255,55.758.763.3.dta ,FVGGEVLRQPPLLSR,1.1e+000,1667.94,,Rnd2psu|NC_LIV_112900,4096,4110,,,3,1667.959,44.5
265,55.798.803.3.dta ,FVGGEVLRQPPLLSR,1.1e+000,1667.93,,Rnd2psu|NC_LIV_112900,4096,4110,,,3,1667.959,44.4
135,55.565.576.2.dta ,EGVDGSDEK,1.1e+000,917.474,,psu|NC_LIV_062640,323,331,,-18.0106_E:1,2,917.385,26.8
156,55.616.616.3.dta ,ADRGDGETATGEDDR,1.2e+000,1563.8,,psu|NC_LIV_142970,3563,3577,,,3,1564.647,34.9
8,55.1057.1062.3.dta ,PSRAAPSGAIALGLAK,1.2e+000,1479.78,,psu|NC_LIV_130800,3,18,,,3,1479.864,45.2
24,55.1180.1184.2.dta ,LLPQSDVPPGGCAAAIDFK,1.2e+000,1955.9,,Rnd1psu|NC_LIV_040580,458,476,,57.0215_C:12,2,1955.990,27.5
280,55.861.868.2.dta ,SNSSVESHR,1.2e+000,1002.51,,Rnd1psu|NC_LIV_020680,273,281,,,2,1002.460,27.2
267,55.812.821.3.dta ,EDKNGTEDPDHGGSSSR,1.2e+000,1769.91,,Rnd2psu|NC_LIV_142060,393,409,,-18.0106_E:1,3,1769.732,31.2
92,55.414.485.3.dta ,THSRLGGPAGLPDPR,1.2e+000,1532.09,,psu|NC_LIV_080950,928,942,,,3,1530.814,36.3
164,55.635.642.2.dta ,YPEAKIIDDPVDMNK,1.2e+000,1747.77,,Rnd1psu|NC_LIV_031740,3937,3951,,,2,1747.857,36.6
299,55.943.952.3.dta ,GELAPTEGDASPFK,1.2e+000,1419.74,,Rnd2psu|NC_LIV_104740,228,241,,,3,1418.680,38.2
154,55.6125.6128.1.dta ,SGPSR,1.2e+000,503.25,,psu|NC_LIV_132080,3,7,,,1,503.2572,14.6
1,55.1008.1013.1.dta ,ADPASS,1.3e+000,547.319,,psu|NC_LIV_082980,7003,7008,,,1,547.236,18.9
18,55.1133.1133.2.dta ,SPPDLYFK,1.3e+000,965.389,,Rnd2psu|NC_LIV_010780,196,203,,,2,966.493,19.3
126,55.530.539.2.dta ,IATPQLSAAPPRTR,1.3e+000,1478.49,,Rnd3psu|NC_LIV_135490,4169,4182,,,2,1478.844,33.3
277,55.852.863.2.dta ,DPLDHASVSKTEGR,1.3e+000,1511.91,,Rnd2psu|NC_LIV_040330,132,145,,,2,1511.745,34.8
258,55.772.779.3.dta ,AAFSAGSDPGASLR,1.3e+000,1305.29,,psu|NC_LIV_141150,1515,1528,,,3,1306.639,28.7
122,55.516.523.3.dta ,ENPMLLGCPNTR,1.3e+000,1416.86,,Rnd1psu|NC_LIV_081260,1163,1174,,"57.0215_C:8,15.9949_M:4",3,1417.656,45.6
215,55.730.730.2.dta ,ENVGAVKLTAEFK,1.4e+000,1386.59,,Rnd1psu|NC_LIV_001660,199,211,,-18.0106_E:1,2,1387.758,25.1
93,55.419.424.3.dta ,AGFLLPEFDGNLK,1.4e+000,1419.87,,Rnd2psu|NC_LIV_062370,1323,1335,,,3,1420.747,33.5
308,55.986.1026.2.dta ,NVDEEGRMAK,1.4e+000,1163.65,,Rnd1psu|NC_LIV_111770,137,146,,15.9949_M:8,2,1164.531,29.3
158,55.6174.6174.1.dta ,SPVSSA,1.4e+000,547.282,,Rnd3psu|NC_LIV_030240,1215,1220,,,1,547.2722,18.4
293,55.917.917.2.dta ,AEAEGPAQTK,1.5e+000,1002.47,,Rnd2psu|NC_LIV_041100,250,259,,,2,1001.490,27.6
176,55.667.667.3.dta ,FSPLMPGGRNLNAPHVAEADR,1.5e+000,2248.1,,Rnd1psu|NC_LIV_103830,950,970,,,3,2249.124,41.8
116,55.494.497.2.dta ,YILGSVFLMKEK,1.5e+000,1443.67,,Rnd3psu|NC_LIV_146020,2176,2187,,15.9949_M:9,2,1443.792,31.6
153,55.611.618.2.dta ,YLETKQGGR,1.5e+000,1050.41,,Rnd2psu|NC_LIV_142970,3658,3666,,,2,1051.553,41.1
129,55.537.544.2.dta ,EFCLFNAEERR,1.6e+000,1471.67,,Rnd2psu|NC_LIV_070440,69,79,,57.0215_C:3,2,1470.679,31.8
152,55.609.609.2.dta ,SSIVLFSDR,1.6e+000,1022.47,,Rnd1psu|NC_LIV_111680,220,228,,,2,1023.547,37.6
279,55.859.866.3.dta ,YWSLGGQPVGLSR,1.7e+000,1419.81,,Rnd1psu|NC_LIV_134660,5757,5769,,,3,1419.738,38.4
128,55.534.534.3.dta ,GVLDVAGAGGLGLSTAHDR,1.8e+000,1766.73,,psu|NC_LIV_102160,496,514,,,3,1765.919,37.3
177,55.670.677.2.dta ,FLLLSERGDTR,1.8e+000,1305.77,,Rnd1psu|NC_LIV_101020,1166,1176,,,2,1306.711,28.8
145,55.6021.6024.3.dta ,MVSFEMFHKVATK,1.9e+000,1570.59,,psu|NC_LIV_135300,3115,3127,,15.9949_M:1,3,1570.776,42.9
120,55.511.520.2.dta ,DDPPCAGR,1.9e+000,886.473,,Rnd2psu|NC_LIV_123810,406,413,,57.0215_C:5,2,887.368,20.7
310,55.996.999.2.dta ,FLDGFGLSETDSK,1.9e+000,1415.71,,psu|NC_LIV_010620,783,795,,,2,1415.669,32.0
131,55.548.551.2.dta ,SSIVLFSDR,2.0e+000,1022.46,,Rnd1psu|NC_LIV_111680,220,228,,,2,1023.547,37.5
272,55.831.838.3.dta ,ETLRPVSLLVR,2.0e+000,1283.69,,psu|NC_LIV_082530,1166,1176,,,3,1282.784,45.4
246,55.742.749.2.dta ,SSDQTSVEIR,2.1e+000,1121.48,,Rnd3psu|NC_LIV_122460,788,797,,,2,1121.543,35.8
22,55.1161.1164.3.dta ,AFPSQPAEDMSVAVGSRPAEEQTPIKGCGPK,2.1e+000,3240.12,,Rnd2psu|NC_LIV_140410,11,41,,57.0215_C:28,3,3241.562,41.1
163,55.630.630.3.dta ,ERPETTADPSNGAGEGPK,2.2e+000,1811.9,,psu|NC_LIV_081300,213,230,,,3,1812.836,41.2
138,55.581.588.2.dta ,AFAASQVGATSLKNNDR,2.2e+000,1749.75,,Rnd2psu|NC_LIV_100860,350,366,,,2,1749.888,24.5
183,55.695.700.3.dta ,QTSSSAALGTIDAELK,2.2e+000,1592.79,,Rnd2psu|NC_LIV_122080,101,116,,,3,1591.817,36.1
117,55.501.504.2.dta ,SMRDASGEGDDR,2.2e+000,1294.63,,psu|NC_LIV_072140,1250,1261,,,2,1295.528,21.6
283,55.877.877.2.dta ,EALAGANERSLCK,2.2e+000,1419.76,,Rnd3psu|NC_LIV_061770,1658,1670,,57.0215_C:12,2,1418.706,26.7
106,55.463.463.2.dta ,EKLGPVKPK,2.2e+000,996.392,,Rnd3psu|NC_LIV_105890,1034,1042,,,2,995.625,25.2
15,55.1121.1124.2.dta ,FGEEEGEDAK,2.3e+000,1111.51,,Rnd2psu|NC_LIV_124650,86,95,,,2,1110.459,29.9
291,55.905.905.3.dta ,QVPSGGDAVGSAR,2.3e+000,1201.77,,Rnd1psu|NC_LIV_051390,3325,3337,,,3,1200.597,31.0
33,55.1359.1364.2.dta ,QLGDLGGLLK,2.3e+000,997.532,,psu|NC_LIV_094280,287,296,,-17.0265_Q:1,2,996.572,23.0
139,55.583.586.2.dta ,YEEAVGFFTEAIK,2.3e+000,1502.63,,psu|NC_LIV_040350,23,35,,,2,1503.737,29.9
81,55.3460.3463.3.dta ,MCGAGGDLHATASR,2.4e+000,1419.69,,psu|NC_LIV_113490,2490,2503,,"57.0215_C:2,15.9949_M:1",3,1419.610,39.3
107,55.463.463.3.dta ,RAGSILVVVDLKPK,2.4e+000,1494.08,,Rnd3psu|NC_LIV_051780,500,513,,,3,1494.937,32.0
239,55.7398.7407.1.dta ,SGDKAK,2.4e+000,605.951,,Rnd1psu|NC_LIV_144340,46,51,,,1,605.325,13.0
162,55.625.632.2.dta ,YPVSGASSGGPK,2.4e+000,1107.55,,Rnd1psu|NC_LIV_141400,107,118,,,2,1106.548,29.8
143,55.6016.6095.2.dta ,WVPHEYRAAGASVK,2.5e+000,1570.84,,Rnd3psu|NC_LIV_131470,1,14,,,2,1570.812,33.5
76,55.3329.3332.2.dta ,FLLSEVGPMSAR,2.5e+000,1305.75,,Rnd3psu|NC_LIV_031010,1403,1414,,,2,1306.682,30.8
175,55.663.674.3.dta ,VQGVKPLLPQTVRPR,2.6e+000,1686.99,,Rnd2psu|NC_LIV_090860,327,341,,,3,1688.033,27.9
172,55.653.656.2.dta ,LSFVVEEK,2.6e+000,951.816,,psu|NC_LIV_134020,25,32,,,2,950.519,31.1
100,55.445.450.3.dta ,RHEEEINSATGIER,2.6e+000,1640.84,,Rnd3psu|NC_LIV_102110,1733,1746,,,3,1640.799,39.6
256,55.765.768.2.dta ,LELEVLSQVICMK,2.6e+000,1576.81,,Rnd3psu|NC_LIV_114380,148,160,,"57.0215_C:11,15.9949_M:12",2,1577.828,32.1
124,55.527.527.2.dta ,GLFSPNYDMK,2.7e+000,1171.24,,psu|NC_LIV_102940,429,438,,,2,1171.545,26.2
179,55.681.686.3.dta ,HSYEGAASQALR,2.7e+000,1288.74,,Rnd1psu|NC_LIV_080090,793,804,,,3,1289.623,38.7
132,55.555.558.2.dta ,MESVGKEEK,2.8e+000,1051.44,,Rnd2psu|NC_LIV_132230,2719,2727,,15.9949_M:1,2,1052.493,31.8
270,55.826.826.2.dta ,EEFACLPFASAGTADSPK,2.8e+000,1880.91,,psu|NC_LIV_113950,1418,1435,,"57.0215_C:5,-18.0106_E:1",2,1879.853,32.9
296,55.924.931.2.dta ,MLRVSTLYLTANLLK,2.9e+000,1752.73,,Rnd3psu|NC_LIV_092420,3,17,,15.9949_M:1,2,1752.009,36.7
140,55.590.593.3.dta ,LGGHYFEESTDVSAQMR,2.9e+000,1927.98,,Rnd3psu|NC_LIV_114170,38,54,,,3,1926.865,37.5
290,55.903.910.3.dta ,VRGADPSGEDSSSR,2.9e+000,1419.78,,Rnd1psu|NC_LIV_071640,3816,3829,,,3,1419.646,35.8
173,55.658.665.3.dta ,RPPEREGPVAPSAETR,3.0e+000,1750.23,,Rnd2psu|NC_LIV_011340,407,422,,,3,1748.904,38.3
35,55.1452.1455.1.dta ,LRKGLF,3.0e+000,732.381,,Rnd1psu|NC_LIV_001660,383,388,,,1,733.472,15.5
29,55.1267.1270.2.dta ,SAEDIGAALWLFPPVR,3.0e+000,1741.36,,Rnd2psu|NC_LIV_105030,10,25,,,2,1741.927,33.8
19,55.1138.1143.3.dta ,GRVLMFLEISAIK,3.1e+000,1492.19,,Rnd3psu|NC_LIV_030240,409,421,,15.9949_M:5,3,1492.856,37.0
78,55.3372.3375.3.dta ,EPSGIAAVAGSERSDGR,3.1e+000,1639.98,,Rnd1psu|NC_LIV_092320,988,1004,,-18.0106_E:1,3,1640.799,40.6
96,55.428.435.3.dta ,TRSHVSAGSQDSDAQK,3.2e+000,1673.87,,Rnd1psu|NC_LIV_030190,456,471,,,3,1673.784,29.0
34,55.1361.1366.1.dta ,LVGKAGVINK,3.4e+000,997.582,,Rnd1psu|NC_LIV_091750,162,171,,,1,998.636,23.6
305,55.972.972.3.dta ,MSNEGAVPPPSPEGLRPEQR,3.4e+000,2163.03,,psu|NC_LIV_142830,83,102,,15.9949_M:1,3,2164.045,40.8
88,55.385.388.3.dta ,LLALAARPGVSHRK,3.4e+000,1487.85,,Rnd3psu|NC_LIV_000690,1625,1638,,,3,1488.912,36.0
278,55.856.856.3.dta ,TSCRVDSENDLVETEK,3.5e+000,1880.85,,psu|NC_LIV_142810,2490,2505,,57.0215_C:3,3,1881.849,37.6
284,55.882.912.2.dta ,EMTTKMLK,3.5e+000,962.391,,Rnd3psu|NC_LIV_093370,1467,1474,,-18.0106_E:1,2,963.500,30.6
144,55.602.607.3.dta ,NEDAGAVDAEEEALRGEK,3.6e+000,1902.02,,psu|NC_LIV_115080,2256,2273,,,3,1902.868,38.0
103,55.458.461.3.dta ,EAQTNISEEAMLSVGKK,3.6e+000,1850.04,,psu|NC_LIV_135570,321,337,,15.9949_M:11,3,1850.916,29.1
155,55.614.623.3.dta ,WFCSRAAHPCASGSR,3.7e+000,1750.67,,Rnd1psu|NC_LIV_071600,413,427,,"57.0215_C:3,57.0215_C:10",3,1749.770,40.5
31,55.1285.1288.1.dta ,ALPAAWK,3.7e+000,756.318,,psu|NC_LIV_105220,48,54,,,1,756.440,19.0
31,55.1285.1288.1.dta ,ALPAASAR,3.7e+000,756.318,,Rnd1psu|NC_LIV_072860,689,696,,,1,756.436,19.0
134,55.562.569.1.dta ,QSGGTK,3.8e+000,577.322,,Rnd1psu|NC_LIV_082780,745,750,,,1,577.294,19.0
165,55.637.644.2.dta ,TLCYKAR,3.9e+000,912.47,,Rnd1psu|NC_LIV_125780,785,791,,57.0215_C:3,2,911.477,24.8
241,55.7402.7402.1.dta ,GVGAER,4.0e+000,588.78,,psu|NC_LIV_082980,4502,4507,,,1,588.310,13.9
241,55.7402.7402.1.dta ,GVGAER,4.0e+000,588.78,,psu|NC_LIV_050190,55,60,,,1,588.310,13.9
185,55.702.714.2.dta ,GTNMNCVRGAPK,4.1e+000,1321.91,,Rnd1psu|NC_LIV_135190,162,173,,"57.0215_C:6,15.9949_M:4",2,1320.615,25.0
182,55.693.698.2.dta ,LDPFVASEEDIYR,4.1e+000,1554.71,,Rnd2psu|NC_LIV_134380,2576,2588,,,2,1553.748,19.1
276,55.847.847.3.dta ,LELASAIKSFTVGLK,4.2e+000,1576.77,,Rnd3psu|NC_LIV_104740,183,197,,,3,1576.931,40.5
259,55.775.782.2.dta ,AGGTSGAVWLPK,4.2e+000,1142.79,,psu|NC_LIV_132850,1881,1892,,,2,1143.616,26.5
125,55.527.527.3.dta ,AELTTTSSAQKPSPPLK,4.3e+000,1756.36,,Rnd1psu|NC_LIV_135300,3487,3503,,,3,1755.949,33.8
208,55.726.733.3.dta ,VQDFPLSTAIPAHSR,4.5e+000,1640.01,,Rnd1psu|NC_LIV_082980,7176,7190,,,3,1638.860,40.4
136,55.567.572.3.dta ,EEMSIGENLQAEMDR,4.5e+000,1766.21,,Rnd2psu|NC_LIV_071320,985,999,,"15.9949_M:3,15.9949_M:13,-18.0106_E:1",3,1765.737,35.2
304,55.970.975.2.dta ,ATGADPGRDR,4.6e+000,1014.63,,Rnd2psu|NC_LIV_134670,1656,1665,,,2,1015.492,15.1
300,55.945.959.2.dta ,MGAPDLPSR,4.7e+000,960.848,,Rnd1psu|NC_LIV_105420,4824,4832,,15.9949_M:1,2,959.461,29.2
113,55.483.492.2.dta ,KTGEEPSAR,4.7e+000,974.533,,psu|NC_LIV_093560,498,506,,,2,974.490,28.9
20,55.1140.1140.1.dta ,AIPDAGHQR,4.9e+000,964.421,,psu|NC_LIV_000750,434,442,,,1,964.496,20.1
306,55.977.982.2.dta ,AEMSSESRCER,4.9e+000,1357.71,,Rnd1psu|NC_LIV_110180,519,529,,"57.0215_C:9,15.9949_M:3",2,1357.547,25.4
271,55.828.849.2.dta ,YLEYVNK,5.0e+000,927.489,,Rnd3psu|NC_LIV_011090,1020,1026,,,2,928.477,27.1
141,55.595.604.1.dta ,FVEATR,5.0e+000,722.4,,Rnd1psu|NC_LIV_121240,1807,1812,,,1,722.383,23.6
289,55.896.896.2.dta ,DSDKLPISR,5.1e+000,1030.47,,Rnd2psu|NC_LIV_133710,1601,1609,,,2,1030.553,22.4
281,55.870.875.2.dta ,QTGQASRHR,5.3e+000,1024.53,,psu|NC_LIV_082590,391,399,,-17.0265_Q:1,2,1023.508,24.7
86,55.3600.3600.2.dta ,QMGKAVGEFGAFVR,5.3e+000,1479.83,,Rnd2psu|NC_LIV_040880,260,273,,-17.0265_Q:1,2,1479.741,33.2
181,55.688.688.3.dta ,RDSLQDEIEIK,5.4e+000,1344.81,,Rnd3psu|NC_LIV_070240,1033,1043,,,3,1345.696,21.7
146,55.6026.6033.3.dta ,ALSVEPSPGAPDVSIR,5.6e+000,1594.14,,Rnd1psu|NC_LIV_104400,1537,1552,,,3,1594.844,35.2
7,55.1050.1091.2.dta ,ATAGSSILNFMDVR,5.6e+000,1480.81,,Rnd3psu|NC_LIV_111200,1420,1433,,,2,1481.742,33.4
32,55.1312.1371.2.dta ,ALIKPSSFR,5.9e+000,1017.82,,psu|NC_LIV_140740,743,751,,,2,1018.604,28.0
250,55.744.744.1.dta ,YAGLAR,6.0e+000,651.38,,Rnd1psu|NC_LIV_000850,423,428,,,1,650.362,17.7
99,55.442.442.3.dta ,AHVLILEAAGSVGPGNAAETR,6.0e+000,2032.95,,Rnd1psu|NC_LIV_031560,487,507,,,3,2033.077,36.5
274,55.835.842.3.dta ,KAHGDDGGAAGPDNR,6.1e+000,1438.26,,Rnd2psu|NC_LIV_114450,1515,1529,,,3,1437.647,33.0
303,55.964.967.1.dta ,SGGPGK,6.3e+000,503.278,,Rnd2psu|NC_LIV_060190,1072,1077,,,1,502.262,11.2
302,55.955.962.2.dta ,EEEEKGEEEK,6.4e+000,1234.68,,psu|NC_LIV_100160,141,150,,,2,1235.527,31.2
302,55.955.962.2.dta ,EEEEKGEEEK,6.4e+000,1234.68,,psu|NC_LIV_100160,291,300,,,2,1235.527,31.2
302,55.955.962.2.dta ,EEEEKGEEEK,6.4e+000,1234.68,,psu|NC_LIV_100160,311,320,,,2,1235.527,31.2
269,55.819.824.3.dta ,VQDFPLSTAIPAHSR,6.4e+000,1640.04,,Rnd1psu|NC_LIV_082980,7176,7190,,,3,1638.860,40.4
9,55.1059.1064.2.dta ,EAEIPLWR,6.5e+000,1012.95,,psu|NC_LIV_140640,2285,2292,,,2,1013.541,26.6
287,55.891.891.2.dta ,NSALRGAAHR,6.5e+000,1052.47,,Rnd3psu|NC_LIV_020480,583,592,,,2,1052.571,28.7
218,55.7316.7323.3.dta ,ALIAQVALAEEK,6.6e+000,1255.68,,Rnd1psu|NC_LIV_112260,478,489,,,3,1255.726,20.1
178,55.672.679.3.dta ,KFPDQPSETGAK,6.9e+000,1305.81,,Rnd1psu|NC_LIV_070370,478,489,,,3,1304.648,32.9
133,55.560.560.3.dta ,EARQTGLTGSPDGLQK,6.9e+000,1656.86,,Rnd2psu|NC_LIV_112540,574,589,,,3,1657.850,35.8
94,55.421.421.2.dta ,SRMQQQLEQLEK,7.0e+000,1532.87,,psu|NC_LIV_020870,956,967,,15.9949_M:3,2,1533.769,38.2
229,55.7365.7376.1.dta ,AKDDFR,7.0e+000,750.53,,Rnd3psu|NC_LIV_082780,1018,1023,,,1,751.373,12.0
260,55.777.784.3.dta ,FGGVAGTSKDVLQYAK,7.2e+000,1640.94,,Rnd1psu|NC_LIV_132480,1827,1842,,,3,1640.864,38.7
232,55.737.740.2.dta ,NLVNTQASSHEVGKR,7.4e+000,1640,,psu|NC_LIV_083050,14,28,,,2,1639.851,21.9
191,55.709.709.3.dta ,ALGDQGTAALSGKAHLNK,7.6e+000,1751.72,,Rnd1psu|NC_LIV_072710,1507,1524,,,3,1751.940,33.2
217,55.7316.7323.2.dta ,GDADGSGMK,7.9e+000,837.454,,Rnd2psu|NC_LIV_105100,1258,1266,,,2,837.341,19.2
257,55.770.770.2.dta ,ANAAFALQVSRR,9.4e+000,1304.84,,Rnd3psu|NC_LIV_143170,530,541,,,2,1303.723,17.4
